Copyright 1986-2022 Xilinx, Inc. All Rights Reserved. Copyright 2022-2026 Advanced Micro Devices, Inc. All Rights Reserved.
---------------------------------------------------------------------------------------------------------------------------------------------------------------------------------------------------------------------------------------
| Tool Version : Vivado v.2026.1 (win64) Build 6511674 Tue Jun 16 11:02:23 MDT 2026
| Date         : Mon Sep 21 14:55:18 2026
| Host         : SangHyeok running 64-bit major release  (build 9200)
| Command      : report_timing_summary -max_paths 10 -routable_nets -report_unconstrained -file lab2_piso_timing_summary_routed.rpt -pb lab2_piso_timing_summary_routed.pb -rpx lab2_piso_timing_summary_routed.rpx -warn_on_violation
| Design       : lab2_piso
| Device       : 7s75-fgga484
| Speed File   : -1  PRODUCTION 1.23 2018-06-13
| Design State : Routed
---------------------------------------------------------------------------------------------------------------------------------------------------------------------------------------------------------------------------------------

Timing Summary Report

------------------------------------------------------------------------------------------------
| Timer Settings
| --------------
------------------------------------------------------------------------------------------------

  Enable Multi Corner Analysis               :  Yes
  Enable Pessimism Removal                   :  Yes
  Pessimism Removal Resolution               :  Nearest Common Node
  Enable Input Delay Default Clock           :  No
  Enable Preset / Clear Arcs                 :  No
  Disable Flight Delays                      :  No
  Ignore I/O Paths                           :  No
  Timing Early Launch at Borrowing Latches   :  No
  Borrow Time for Max Delay Exceptions       :  Yes
  Merge Timing Exceptions                    :  Yes
  Inter-SLR Compensation                     :  Conservative

  Corner  Analyze    Analyze    
  Name    Max Paths  Min Paths  
  ------  ---------  ---------  
  Slow    Yes        Yes        
  Fast    Yes        Yes        


------------------------------------------------------------------------------------------------
| Report Methodology
| ------------------
------------------------------------------------------------------------------------------------

Rule       Severity  Description                    Violations  
---------  --------  -----------------------------  ----------  
TIMING-18  Warning   Missing input or output delay  8           

Note: This report is based on the most recent report_methodology run and may not be up-to-date. Run report_methodology on the current design for the latest report.



check_timing report

Table of Contents
-----------------
1. checking no_clock (0)
2. checking constant_clock (0)
3. checking pulse_width_clock (0)
4. checking unconstrained_internal_endpoints (0)
5. checking no_input_delay (7)
6. checking no_output_delay (5)
7. checking multiple_clock (0)
8. checking generated_clocks (0)
9. checking loops (0)
10. checking partial_input_delay (0)
11. checking partial_output_delay (0)
12. checking latch_loops (0)

1. checking no_clock (0)
------------------------
 There are 0 register/latch pins with no clock.


2. checking constant_clock (0)
------------------------------
 There are 0 register/latch pins with constant_clock.


3. checking pulse_width_clock (0)
---------------------------------
 There are 0 register/latch pins which need pulse_width check


4. checking unconstrained_internal_endpoints (0)
------------------------------------------------
 There are 0 pins that are not constrained for maximum delay.

 There are 0 pins that are not constrained for maximum delay due to constant clock.


5. checking no_input_delay (7)
------------------------------
 There are 0 input ports with no input delay specified.

 There are 7 input ports with no input delay but user has a false path constraint. (MEDIUM)


6. checking no_output_delay (5)
-------------------------------
 There are 5 ports with no output delay specified. (HIGH)

 There are 0 ports with no output delay but user has a false path constraint

 There are 0 ports with no output delay but with a timing clock defined on it or propagating through it


7. checking multiple_clock (0)
------------------------------
 There are 0 register/latch pins with multiple clocks.


8. checking generated_clocks (0)
--------------------------------
 There are 0 generated clocks that are not connected to a clock source.


9. checking loops (0)
---------------------
 There are 0 combinational loops in the design.


10. checking partial_input_delay (0)
------------------------------------
 There are 0 input ports with partial input delay specified.


11. checking partial_output_delay (0)
-------------------------------------
 There are 0 ports with partial output delay specified.


12. checking latch_loops (0)
----------------------------
 There are 0 combinational latch loops in the design through latch input



------------------------------------------------------------------------------------------------
| Design Timing Summary
| ---------------------
------------------------------------------------------------------------------------------------

    WNS(ns)      TNS(ns)  TNS Failing Endpoints  TNS Total Endpoints      WHS(ns)      THS(ns)  THS Failing Endpoints  THS Total Endpoints     WPWS(ns)     TPWS(ns)  TPWS Failing Endpoints  TPWS Total Endpoints  
    -------      -------  ---------------------  -------------------      -------      -------  ---------------------  -------------------     --------     --------  ----------------------  --------------------  
 999997.500        0.000                      0                   42        0.121        0.000                      0                   42   499999.375        0.000                       0                    27  


All user specified timing constraints are met.


------------------------------------------------------------------------------------------------
| Clock Summary
| -------------
------------------------------------------------------------------------------------------------

Clock         Waveform(ns)               Period(ns)      Frequency(MHz)
-----         ------------               ----------      --------------
trainer_1khz  {0.000 500000.031}         1000000.000     0.001           


------------------------------------------------------------------------------------------------
| Intra Clock Table
| -----------------
------------------------------------------------------------------------------------------------

Clock             WNS(ns)      TNS(ns)  TNS Failing Endpoints  TNS Total Endpoints      WHS(ns)      THS(ns)  THS Failing Endpoints  THS Total Endpoints     WPWS(ns)     TPWS(ns)  TPWS Failing Endpoints  TPWS Total Endpoints  
-----             -------      -------  ---------------------  -------------------      -------      -------  ---------------------  -------------------     --------     --------  ----------------------  --------------------  
trainer_1khz   999997.500        0.000                      0                   23        0.121        0.000                      0                   23   499999.375        0.000                       0                    27  


------------------------------------------------------------------------------------------------
| Inter Clock Table
| -----------------
------------------------------------------------------------------------------------------------

From Clock    To Clock          WNS(ns)      TNS(ns)  TNS Failing Endpoints  TNS Total Endpoints      WHS(ns)      THS(ns)  THS Failing Endpoints  THS Total Endpoints  
----------    --------          -------      -------  ---------------------  -------------------      -------      -------  ---------------------  -------------------  


------------------------------------------------------------------------------------------------
| Other Path Groups Table
| -----------------------
------------------------------------------------------------------------------------------------

Path Group         From Clock         To Clock               WNS(ns)      TNS(ns)  TNS Failing Endpoints  TNS Total Endpoints      WHS(ns)      THS(ns)  THS Failing Endpoints  THS Total Endpoints  
----------         ----------         --------               -------      -------  ---------------------  -------------------      -------      -------  ---------------------  -------------------  
**async_default**  trainer_1khz       trainer_1khz        999998.312        0.000                      0                   19        0.440        0.000                      0                   19  


------------------------------------------------------------------------------------------------
| User Ignored Path Table
| -----------------------
------------------------------------------------------------------------------------------------

Path Group    From Clock    To Clock    
----------    ----------    --------    
(none)                      trainer_1khz  


------------------------------------------------------------------------------------------------
| Unconstrained Path Table
| ------------------------
------------------------------------------------------------------------------------------------

Path Group    From Clock    To Clock    
----------    ----------    --------    
(none)        trainer_1khz                


------------------------------------------------------------------------------------------------
| Timing Details
| --------------
------------------------------------------------------------------------------------------------


---------------------------------------------------------------------------------------------------
From Clock:  trainer_1khz
  To Clock:  trainer_1khz

Setup :            0  Failing Endpoints,  Worst Slack   999997.500ns,  Total Violation        0.000ns
Hold  :            0  Failing Endpoints,  Worst Slack        0.121ns,  Total Violation        0.000ns
PW    :            0  Failing Endpoints,  Worst Slack   499999.375ns,  Total Violation        0.000ns
---------------------------------------------------------------------------------------------------


Max Delay Paths
--------------------------------------------------------------------------------------
Slack (MET) :             999997.500ns  (required time - arrival time)
  Source:                 inputs/accepted_reg/C
                            (rising edge-triggered cell FDCE clocked by trainer_1khz  {rise@0.000ns fall@500000.031ns period=1000000.000ns})
  Destination:            inputs/count_reg[4]/D
                            (rising edge-triggered cell FDCE clocked by trainer_1khz  {rise@0.000ns fall@500000.031ns period=1000000.000ns})
  Path Group:             trainer_1khz
  Path Type:              Setup (Max at Slow Process Corner)
  Requirement:            1000000.062ns  (trainer_1khz rise@1000000.062ns - trainer_1khz rise@0.000ns)
  Data Path Delay:        2.599ns  (logic 0.766ns (29.469%)  route 1.833ns (70.531%))
  Logic Levels:           2  (LUT2=1 LUT6=1)
  Clock Path Skew:        -0.025ns (DCD - SCD + CPR)
    Destination Clock Delay (DCD):    5.282ns = ( 1000005.375 - 1000000.062 ) 
    Source Clock Delay      (SCD):    5.597ns
    Clock Pessimism Removal (CPR):    0.290ns
  Clock Uncertainty:      0.035ns  ((TSJ^2 + TIJ^2)^1/2 + DJ) / 2 + PE
    Total System Jitter     (TSJ):    0.071ns
    Total Input Jitter      (TIJ):    0.000ns
    Discrete Jitter          (DJ):    0.000ns
    Phase Error              (PE):    0.000ns

    Location             Delay type                Incr(ns)  Path(ns)    Netlist Resource(s)
  -------------------------------------------------------------------    -------------------
                         (clock trainer_1khz rise edge)
                                                      0.000     0.000 r  <hidden>
    B6                                                0.000     0.000 r  clk
                         net (fo=0)                   0.000     0.000    clk
    B6                   IBUF (Prop_ibuf_I_O)         1.500     1.500 r  clk_IBUF_inst/O
                         net (fo=1, routed)           2.315     3.815    clk_IBUF
    BUFGCTRL_X0Y16       BUFG (Prop_bufg_I_O)         0.096     3.911 r  clk_IBUF_BUFG_inst/O
                         net (fo=26, routed)          1.686     5.597    inputs/CLK
    SLICE_X84Y121        FDCE                                         r  inputs/accepted_reg/C
  -------------------------------------------------------------------    -------------------
    SLICE_X84Y121        FDCE (Prop_fdce_C_Q)         0.518     6.115 r  inputs/accepted_reg/Q
                         net (fo=3, routed)           0.850     6.966    inputs/accepted
    SLICE_X84Y120        LUT2 (Prop_lut2_I0_O)        0.124     7.090 f  inputs/count[4]_i_2/O
                         net (fo=5, routed)           0.983     8.073    inputs/count1
    SLICE_X84Y122        LUT6 (Prop_lut6_I5_O)        0.124     8.197 r  inputs/count[4]_i_1/O
                         net (fo=1, routed)           0.000     8.197    inputs/p_0_in__0[4]
    SLICE_X84Y122        FDCE                                         r  inputs/count_reg[4]/D
  -------------------------------------------------------------------    -------------------

                         (clock trainer_1khz rise edge)
                                                  1000000.062 1000000.062 r  <hidden>
    B6                                                0.000 1000000.062 r  clk
                         net (fo=0)                   0.000 1000000.062    clk
    B6                   IBUF (Prop_ibuf_I_O)         1.429 1000001.500 r  clk_IBUF_inst/O
                         net (fo=1, routed)           2.196 1000003.688    clk_IBUF
    BUFGCTRL_X0Y16       BUFG (Prop_bufg_I_O)         0.091 1000003.750 r  clk_IBUF_BUFG_inst/O
                         net (fo=26, routed)          1.566 1000005.312    inputs/CLK
    SLICE_X84Y122        FDCE                                         r  inputs/count_reg[4]/C
                         clock pessimism              0.290 1000005.625    <hidden>
                         clock uncertainty           -0.035 1000005.562    <hidden>
    SLICE_X84Y122        FDCE (Setup_fdce_C_D)        0.081 1000005.625    inputs/count_reg[4]
  -------------------------------------------------------------------
                         required time                      1000005.625    <hidden>
                         arrival time                          -8.197    <hidden>
  -------------------------------------------------------------------
                         slack                              999997.500    <hidden>

Slack (MET) :             999997.750ns  (required time - arrival time)
  Source:                 inputs/accepted_reg/C
                            (rising edge-triggered cell FDCE clocked by trainer_1khz  {rise@0.000ns fall@500000.031ns period=1000000.000ns})
  Destination:            inputs/count_reg[0]/D
                            (rising edge-triggered cell FDCE clocked by trainer_1khz  {rise@0.000ns fall@500000.031ns period=1000000.000ns})
  Path Group:             trainer_1khz
  Path Type:              Setup (Max at Slow Process Corner)
  Requirement:            1000000.062ns  (trainer_1khz rise@1000000.062ns - trainer_1khz rise@0.000ns)
  Data Path Delay:        2.459ns  (logic 0.766ns (31.147%)  route 1.693ns (68.853%))
  Logic Levels:           2  (LUT2=2)
  Clock Path Skew:        0.000ns (DCD - SCD + CPR)
    Destination Clock Delay (DCD):    5.284ns = ( 1000005.375 - 1000000.062 ) 
    Source Clock Delay      (SCD):    5.597ns
    Clock Pessimism Removal (CPR):    0.313ns
  Clock Uncertainty:      0.035ns  ((TSJ^2 + TIJ^2)^1/2 + DJ) / 2 + PE
    Total System Jitter     (TSJ):    0.071ns
    Total Input Jitter      (TIJ):    0.000ns
    Discrete Jitter          (DJ):    0.000ns
    Phase Error              (PE):    0.000ns

    Location             Delay type                Incr(ns)  Path(ns)    Netlist Resource(s)
  -------------------------------------------------------------------    -------------------
                         (clock trainer_1khz rise edge)
                                                      0.000     0.000 r  <hidden>
    B6                                                0.000     0.000 r  clk
                         net (fo=0)                   0.000     0.000    clk
    B6                   IBUF (Prop_ibuf_I_O)         1.500     1.500 r  clk_IBUF_inst/O
                         net (fo=1, routed)           2.315     3.815    clk_IBUF
    BUFGCTRL_X0Y16       BUFG (Prop_bufg_I_O)         0.096     3.911 r  clk_IBUF_BUFG_inst/O
                         net (fo=26, routed)          1.686     5.597    inputs/CLK
    SLICE_X84Y121        FDCE                                         r  inputs/accepted_reg/C
  -------------------------------------------------------------------    -------------------
    SLICE_X84Y121        FDCE (Prop_fdce_C_Q)         0.518     6.115 r  inputs/accepted_reg/Q
                         net (fo=3, routed)           0.850     6.966    inputs/accepted
    SLICE_X84Y120        LUT2 (Prop_lut2_I0_O)        0.124     7.090 f  inputs/count[4]_i_2/O
                         net (fo=5, routed)           0.843     7.933    inputs/count1
    SLICE_X84Y121        LUT2 (Prop_lut2_I1_O)        0.124     8.057 r  inputs/count[0]_i_1/O
                         net (fo=1, routed)           0.000     8.057    inputs/p_0_in__0[0]
    SLICE_X84Y121        FDCE                                         r  inputs/count_reg[0]/D
  -------------------------------------------------------------------    -------------------

                         (clock trainer_1khz rise edge)
                                                  1000000.062 1000000.062 r  <hidden>
    B6                                                0.000 1000000.062 r  clk
                         net (fo=0)                   0.000 1000000.062    clk
    B6                   IBUF (Prop_ibuf_I_O)         1.429 1000001.500 r  clk_IBUF_inst/O
                         net (fo=1, routed)           2.196 1000003.688    clk_IBUF
    BUFGCTRL_X0Y16       BUFG (Prop_bufg_I_O)         0.091 1000003.750 r  clk_IBUF_BUFG_inst/O
                         net (fo=26, routed)          1.568 1000005.312    inputs/CLK
    SLICE_X84Y121        FDCE                                         r  inputs/count_reg[0]/C
                         clock pessimism              0.313 1000005.625    <hidden>
                         clock uncertainty           -0.035 1000005.562    <hidden>
    SLICE_X84Y121        FDCE (Setup_fdce_C_D)        0.081 1000005.625    inputs/count_reg[0]
  -------------------------------------------------------------------
                         required time                      1000005.750    <hidden>
                         arrival time                          -8.057    <hidden>
  -------------------------------------------------------------------
                         slack                              999997.750    <hidden>

Slack (MET) :             999997.750ns  (required time - arrival time)
  Source:                 inputs/accepted_reg/C
                            (rising edge-triggered cell FDCE clocked by trainer_1khz  {rise@0.000ns fall@500000.031ns period=1000000.000ns})
  Destination:            inputs/count_reg[1]/D
                            (rising edge-triggered cell FDCE clocked by trainer_1khz  {rise@0.000ns fall@500000.031ns period=1000000.000ns})
  Path Group:             trainer_1khz
  Path Type:              Setup (Max at Slow Process Corner)
  Requirement:            1000000.062ns  (trainer_1khz rise@1000000.062ns - trainer_1khz rise@0.000ns)
  Data Path Delay:        2.309ns  (logic 0.766ns (33.169%)  route 1.543ns (66.831%))
  Logic Levels:           2  (LUT2=1 LUT3=1)
  Clock Path Skew:        -0.022ns (DCD - SCD + CPR)
    Destination Clock Delay (DCD):    5.285ns = ( 1000005.375 - 1000000.062 ) 
    Source Clock Delay      (SCD):    5.597ns
    Clock Pessimism Removal (CPR):    0.290ns
  Clock Uncertainty:      0.035ns  ((TSJ^2 + TIJ^2)^1/2 + DJ) / 2 + PE
    Total System Jitter     (TSJ):    0.071ns
    Total Input Jitter      (TIJ):    0.000ns
    Discrete Jitter          (DJ):    0.000ns
    Phase Error              (PE):    0.000ns

    Location             Delay type                Incr(ns)  Path(ns)    Netlist Resource(s)
  -------------------------------------------------------------------    -------------------
                         (clock trainer_1khz rise edge)
                                                      0.000     0.000 r  <hidden>
    B6                                                0.000     0.000 r  clk
                         net (fo=0)                   0.000     0.000    clk
    B6                   IBUF (Prop_ibuf_I_O)         1.500     1.500 r  clk_IBUF_inst/O
                         net (fo=1, routed)           2.315     3.815    clk_IBUF
    BUFGCTRL_X0Y16       BUFG (Prop_bufg_I_O)         0.096     3.911 r  clk_IBUF_BUFG_inst/O
                         net (fo=26, routed)          1.686     5.597    inputs/CLK
    SLICE_X84Y121        FDCE                                         r  inputs/accepted_reg/C
  -------------------------------------------------------------------    -------------------
    SLICE_X84Y121        FDCE (Prop_fdce_C_Q)         0.518     6.115 r  inputs/accepted_reg/Q
                         net (fo=3, routed)           0.850     6.966    inputs/accepted
    SLICE_X84Y120        LUT2 (Prop_lut2_I0_O)        0.124     7.090 f  inputs/count[4]_i_2/O
                         net (fo=5, routed)           0.693     7.783    inputs/count1
    SLICE_X84Y120        LUT3 (Prop_lut3_I2_O)        0.124     7.907 r  inputs/count[1]_i_1/O
                         net (fo=1, routed)           0.000     7.907    inputs/p_0_in__0[1]
    SLICE_X84Y120        FDCE                                         r  inputs/count_reg[1]/D
  -------------------------------------------------------------------    -------------------

                         (clock trainer_1khz rise edge)
                                                  1000000.062 1000000.062 r  <hidden>
    B6                                                0.000 1000000.062 r  clk
                         net (fo=0)                   0.000 1000000.062    clk
    B6                   IBUF (Prop_ibuf_I_O)         1.429 1000001.500 r  clk_IBUF_inst/O
                         net (fo=1, routed)           2.196 1000003.688    clk_IBUF
    BUFGCTRL_X0Y16       BUFG (Prop_bufg_I_O)         0.091 1000003.750 r  clk_IBUF_BUFG_inst/O
                         net (fo=26, routed)          1.569 1000005.312    inputs/CLK
    SLICE_X84Y120        FDCE                                         r  inputs/count_reg[1]/C
                         clock pessimism              0.290 1000005.625    <hidden>
                         clock uncertainty           -0.035 1000005.562    <hidden>
    SLICE_X84Y120        FDCE (Setup_fdce_C_D)        0.081 1000005.625    inputs/count_reg[1]
  -------------------------------------------------------------------
                         required time                      1000005.625    <hidden>
                         arrival time                          -7.907    <hidden>
  -------------------------------------------------------------------
                         slack                              999997.750    <hidden>

Slack (MET) :             999997.750ns  (required time - arrival time)
  Source:                 inputs/accepted_reg/C
                            (rising edge-triggered cell FDCE clocked by trainer_1khz  {rise@0.000ns fall@500000.031ns period=1000000.000ns})
  Destination:            inputs/count_reg[3]/D
                            (rising edge-triggered cell FDCE clocked by trainer_1khz  {rise@0.000ns fall@500000.031ns period=1000000.000ns})
  Path Group:             trainer_1khz
  Path Type:              Setup (Max at Slow Process Corner)
  Requirement:            1000000.062ns  (trainer_1khz rise@1000000.062ns - trainer_1khz rise@0.000ns)
  Data Path Delay:        2.337ns  (logic 0.794ns (33.969%)  route 1.543ns (66.031%))
  Logic Levels:           2  (LUT2=1 LUT5=1)
  Clock Path Skew:        -0.022ns (DCD - SCD + CPR)
    Destination Clock Delay (DCD):    5.285ns = ( 1000005.375 - 1000000.062 ) 
    Source Clock Delay      (SCD):    5.597ns
    Clock Pessimism Removal (CPR):    0.290ns
  Clock Uncertainty:      0.035ns  ((TSJ^2 + TIJ^2)^1/2 + DJ) / 2 + PE
    Total System Jitter     (TSJ):    0.071ns
    Total Input Jitter      (TIJ):    0.000ns
    Discrete Jitter          (DJ):    0.000ns
    Phase Error              (PE):    0.000ns

    Location             Delay type                Incr(ns)  Path(ns)    Netlist Resource(s)
  -------------------------------------------------------------------    -------------------
                         (clock trainer_1khz rise edge)
                                                      0.000     0.000 r  <hidden>
    B6                                                0.000     0.000 r  clk
                         net (fo=0)                   0.000     0.000    clk
    B6                   IBUF (Prop_ibuf_I_O)         1.500     1.500 r  clk_IBUF_inst/O
                         net (fo=1, routed)           2.315     3.815    clk_IBUF
    BUFGCTRL_X0Y16       BUFG (Prop_bufg_I_O)         0.096     3.911 r  clk_IBUF_BUFG_inst/O
                         net (fo=26, routed)          1.686     5.597    inputs/CLK
    SLICE_X84Y121        FDCE                                         r  inputs/accepted_reg/C
  -------------------------------------------------------------------    -------------------
    SLICE_X84Y121        FDCE (Prop_fdce_C_Q)         0.518     6.115 r  inputs/accepted_reg/Q
                         net (fo=3, routed)           0.850     6.966    inputs/accepted
    SLICE_X84Y120        LUT2 (Prop_lut2_I0_O)        0.124     7.090 f  inputs/count[4]_i_2/O
                         net (fo=5, routed)           0.693     7.783    inputs/count1
    SLICE_X84Y120        LUT5 (Prop_lut5_I4_O)        0.152     7.935 r  inputs/count[3]_i_1/O
                         net (fo=1, routed)           0.000     7.935    inputs/p_0_in__0[3]
    SLICE_X84Y120        FDCE                                         r  inputs/count_reg[3]/D
  -------------------------------------------------------------------    -------------------

                         (clock trainer_1khz rise edge)
                                                  1000000.062 1000000.062 r  <hidden>
    B6                                                0.000 1000000.062 r  clk
                         net (fo=0)                   0.000 1000000.062    clk
    B6                   IBUF (Prop_ibuf_I_O)         1.429 1000001.500 r  clk_IBUF_inst/O
                         net (fo=1, routed)           2.196 1000003.688    clk_IBUF
    BUFGCTRL_X0Y16       BUFG (Prop_bufg_I_O)         0.091 1000003.750 r  clk_IBUF_BUFG_inst/O
                         net (fo=26, routed)          1.569 1000005.312    inputs/CLK
    SLICE_X84Y120        FDCE                                         r  inputs/count_reg[3]/C
                         clock pessimism              0.290 1000005.625    <hidden>
                         clock uncertainty           -0.035 1000005.562    <hidden>
    SLICE_X84Y120        FDCE (Setup_fdce_C_D)        0.118 1000005.688    inputs/count_reg[3]
  -------------------------------------------------------------------
                         required time                      1000005.625    <hidden>
                         arrival time                          -7.935    <hidden>
  -------------------------------------------------------------------
                         slack                              999997.750    <hidden>

Slack (MET) :             999997.938ns  (required time - arrival time)
  Source:                 inputs/sw_sync_reg[7]/C
                            (rising edge-triggered cell FDCE clocked by trainer_1khz  {rise@0.000ns fall@500000.031ns period=1000000.000ns})
  Destination:            core/value_reg[3]_lopt_replica/D
                            (rising edge-triggered cell FDRE clocked by trainer_1khz  {rise@0.000ns fall@500000.031ns period=1000000.000ns})
  Path Group:             trainer_1khz
  Path Type:              Setup (Max at Slow Process Corner)
  Requirement:            1000000.062ns  (trainer_1khz rise@1000000.062ns - trainer_1khz rise@0.000ns)
  Data Path Delay:        1.945ns  (logic 0.718ns (36.915%)  route 1.227ns (63.085%))
  Logic Levels:           1  (LUT3=1)
  Clock Path Skew:        -0.022ns (DCD - SCD + CPR)
    Destination Clock Delay (DCD):    5.281ns = ( 1000005.312 - 1000000.062 ) 
    Source Clock Delay      (SCD):    5.593ns
    Clock Pessimism Removal (CPR):    0.290ns
  Clock Uncertainty:      0.035ns  ((TSJ^2 + TIJ^2)^1/2 + DJ) / 2 + PE
    Total System Jitter     (TSJ):    0.071ns
    Total Input Jitter      (TIJ):    0.000ns
    Discrete Jitter          (DJ):    0.000ns
    Phase Error              (PE):    0.000ns

    Location             Delay type                Incr(ns)  Path(ns)    Netlist Resource(s)
  -------------------------------------------------------------------    -------------------
                         (clock trainer_1khz rise edge)
                                                      0.000     0.000 r  <hidden>
    B6                                                0.000     0.000 r  clk
                         net (fo=0)                   0.000     0.000    clk
    B6                   IBUF (Prop_ibuf_I_O)         1.500     1.500 r  clk_IBUF_inst/O
                         net (fo=1, routed)           2.315     3.815    clk_IBUF
    BUFGCTRL_X0Y16       BUFG (Prop_bufg_I_O)         0.096     3.911 r  clk_IBUF_BUFG_inst/O
                         net (fo=26, routed)          1.682     5.593    inputs/CLK
    SLICE_X85Y123        FDCE                                         r  inputs/sw_sync_reg[7]/C
  -------------------------------------------------------------------    -------------------
    SLICE_X85Y123        FDCE (Prop_fdce_C_Q)         0.419     6.012 r  inputs/sw_sync_reg[7]/Q
                         net (fo=1, routed)           0.849     6.861    core/value_reg[3]_0[4]
    SLICE_X85Y123        LUT3 (Prop_lut3_I0_O)        0.299     7.160 r  core/value_inferred__0/i_/O
                         net (fo=2, routed)           0.378     7.538    core/value_inferred__0/i__n_0
    SLICE_X84Y123        FDRE                                         r  core/value_reg[3]_lopt_replica/D
  -------------------------------------------------------------------    -------------------

                         (clock trainer_1khz rise edge)
                                                  1000000.062 1000000.062 r  <hidden>
    B6                                                0.000 1000000.062 r  clk
                         net (fo=0)                   0.000 1000000.062    clk
    B6                   IBUF (Prop_ibuf_I_O)         1.429 1000001.500 r  clk_IBUF_inst/O
                         net (fo=1, routed)           2.196 1000003.688    clk_IBUF
    BUFGCTRL_X0Y16       BUFG (Prop_bufg_I_O)         0.091 1000003.750 r  clk_IBUF_BUFG_inst/O
                         net (fo=26, routed)          1.565 1000005.312    core/CLK
    SLICE_X84Y123        FDRE                                         r  core/value_reg[3]_lopt_replica/C
                         clock pessimism              0.290 1000005.625    <hidden>
                         clock uncertainty           -0.035 1000005.562    <hidden>
    SLICE_X84Y123        FDRE (Setup_fdre_C_D)       -0.045 1000005.500    core/value_reg[3]_lopt_replica
  -------------------------------------------------------------------
                         required time                      1000005.500    <hidden>
                         arrival time                          -7.538    <hidden>
  -------------------------------------------------------------------
                         slack                              999997.938    <hidden>

Slack (MET) :             999997.938ns  (required time - arrival time)
  Source:                 inputs/button_sync_reg/C
                            (rising edge-triggered cell FDCE clocked by trainer_1khz  {rise@0.000ns fall@500000.031ns period=1000000.000ns})
  Destination:            inputs/press_reg/D
                            (rising edge-triggered cell FDCE clocked by trainer_1khz  {rise@0.000ns fall@500000.031ns period=1000000.000ns})
  Path Group:             trainer_1khz
  Path Type:              Setup (Max at Slow Process Corner)
  Requirement:            1000000.062ns  (trainer_1khz rise@1000000.062ns - trainer_1khz rise@0.000ns)
  Data Path Delay:        1.941ns  (logic 0.779ns (40.136%)  route 1.162ns (59.864%))
  Logic Levels:           1  (LUT6=1)
  Clock Path Skew:        -0.027ns (DCD - SCD + CPR)
    Destination Clock Delay (DCD):    5.285ns = ( 1000005.375 - 1000000.062 ) 
    Source Clock Delay      (SCD):    5.602ns
    Clock Pessimism Removal (CPR):    0.290ns
  Clock Uncertainty:      0.035ns  ((TSJ^2 + TIJ^2)^1/2 + DJ) / 2 + PE
    Total System Jitter     (TSJ):    0.071ns
    Total Input Jitter      (TIJ):    0.000ns
    Discrete Jitter          (DJ):    0.000ns
    Phase Error              (PE):    0.000ns

    Location             Delay type                Incr(ns)  Path(ns)    Netlist Resource(s)
  -------------------------------------------------------------------    -------------------
                         (clock trainer_1khz rise edge)
                                                      0.000     0.000 r  <hidden>
    B6                                                0.000     0.000 r  clk
                         net (fo=0)                   0.000     0.000    clk
    B6                   IBUF (Prop_ibuf_I_O)         1.500     1.500 r  clk_IBUF_inst/O
                         net (fo=1, routed)           2.315     3.815    clk_IBUF
    BUFGCTRL_X0Y16       BUFG (Prop_bufg_I_O)         0.096     3.911 r  clk_IBUF_BUFG_inst/O
                         net (fo=26, routed)          1.691     5.602    inputs/CLK
    SLICE_X84Y117        FDCE                                         r  inputs/button_sync_reg/C
  -------------------------------------------------------------------    -------------------
    SLICE_X84Y117        FDCE (Prop_fdce_C_Q)         0.478     6.080 r  inputs/button_sync_reg/Q
                         net (fo=3, routed)           1.162     7.242    inputs/button_sync
    SLICE_X85Y120        LUT6 (Prop_lut6_I4_O)        0.301     7.543 r  inputs/press_i_1/O
                         net (fo=1, routed)           0.000     7.543    inputs/press_i_1_n_0
    SLICE_X85Y120        FDCE                                         r  inputs/press_reg/D
  -------------------------------------------------------------------    -------------------

                         (clock trainer_1khz rise edge)
                                                  1000000.062 1000000.062 r  <hidden>
    B6                                                0.000 1000000.062 r  clk
                         net (fo=0)                   0.000 1000000.062    clk
    B6                   IBUF (Prop_ibuf_I_O)         1.429 1000001.500 r  clk_IBUF_inst/O
                         net (fo=1, routed)           2.196 1000003.688    clk_IBUF
    BUFGCTRL_X0Y16       BUFG (Prop_bufg_I_O)         0.091 1000003.750 r  clk_IBUF_BUFG_inst/O
                         net (fo=26, routed)          1.569 1000005.312    inputs/CLK
    SLICE_X85Y120        FDCE                                         r  inputs/press_reg/C
                         clock pessimism              0.290 1000005.625    <hidden>
                         clock uncertainty           -0.035 1000005.562    <hidden>
    SLICE_X85Y120        FDCE (Setup_fdce_C_D)        0.029 1000005.562    inputs/press_reg
  -------------------------------------------------------------------
                         required time                      1000005.500    <hidden>
                         arrival time                          -7.543    <hidden>
  -------------------------------------------------------------------
                         slack                              999997.938    <hidden>

Slack (MET) :             999998.062ns  (required time - arrival time)
  Source:                 inputs/accepted_reg/C
                            (rising edge-triggered cell FDCE clocked by trainer_1khz  {rise@0.000ns fall@500000.031ns period=1000000.000ns})
  Destination:            inputs/count_reg[2]/D
                            (rising edge-triggered cell FDCE clocked by trainer_1khz  {rise@0.000ns fall@500000.031ns period=1000000.000ns})
  Path Group:             trainer_1khz
  Path Type:              Setup (Max at Slow Process Corner)
  Requirement:            1000000.062ns  (trainer_1khz rise@1000000.062ns - trainer_1khz rise@0.000ns)
  Data Path Delay:        1.921ns  (logic 0.766ns (39.867%)  route 1.155ns (60.133%))
  Logic Levels:           2  (LUT2=1 LUT6=1)
  Clock Path Skew:        -0.022ns (DCD - SCD + CPR)
    Destination Clock Delay (DCD):    5.285ns = ( 1000005.375 - 1000000.062 ) 
    Source Clock Delay      (SCD):    5.597ns
    Clock Pessimism Removal (CPR):    0.290ns
  Clock Uncertainty:      0.035ns  ((TSJ^2 + TIJ^2)^1/2 + DJ) / 2 + PE
    Total System Jitter     (TSJ):    0.071ns
    Total Input Jitter      (TIJ):    0.000ns
    Discrete Jitter          (DJ):    0.000ns
    Phase Error              (PE):    0.000ns

    Location             Delay type                Incr(ns)  Path(ns)    Netlist Resource(s)
  -------------------------------------------------------------------    -------------------
                         (clock trainer_1khz rise edge)
                                                      0.000     0.000 r  <hidden>
    B6                                                0.000     0.000 r  clk
                         net (fo=0)                   0.000     0.000    clk
    B6                   IBUF (Prop_ibuf_I_O)         1.500     1.500 r  clk_IBUF_inst/O
                         net (fo=1, routed)           2.315     3.815    clk_IBUF
    BUFGCTRL_X0Y16       BUFG (Prop_bufg_I_O)         0.096     3.911 r  clk_IBUF_BUFG_inst/O
                         net (fo=26, routed)          1.686     5.597    inputs/CLK
    SLICE_X84Y121        FDCE                                         r  inputs/accepted_reg/C
  -------------------------------------------------------------------    -------------------
    SLICE_X84Y121        FDCE (Prop_fdce_C_Q)         0.518     6.115 r  inputs/accepted_reg/Q
                         net (fo=3, routed)           0.850     6.966    inputs/accepted
    SLICE_X84Y120        LUT2 (Prop_lut2_I0_O)        0.124     7.090 f  inputs/count[4]_i_2/O
                         net (fo=5, routed)           0.305     7.395    inputs/count1
    SLICE_X84Y120        LUT6 (Prop_lut6_I5_O)        0.124     7.519 r  inputs/count[2]_i_1/O
                         net (fo=1, routed)           0.000     7.519    inputs/p_0_in__0[2]
    SLICE_X84Y120        FDCE                                         r  inputs/count_reg[2]/D
  -------------------------------------------------------------------    -------------------

                         (clock trainer_1khz rise edge)
                                                  1000000.062 1000000.062 r  <hidden>
    B6                                                0.000 1000000.062 r  clk
                         net (fo=0)                   0.000 1000000.062    clk
    B6                   IBUF (Prop_ibuf_I_O)         1.429 1000001.500 r  clk_IBUF_inst/O
                         net (fo=1, routed)           2.196 1000003.688    clk_IBUF
    BUFGCTRL_X0Y16       BUFG (Prop_bufg_I_O)         0.091 1000003.750 r  clk_IBUF_BUFG_inst/O
                         net (fo=26, routed)          1.569 1000005.312    inputs/CLK
    SLICE_X84Y120        FDCE                                         r  inputs/count_reg[2]/C
                         clock pessimism              0.290 1000005.625    <hidden>
                         clock uncertainty           -0.035 1000005.562    <hidden>
    SLICE_X84Y120        FDCE (Setup_fdce_C_D)        0.079 1000005.625    inputs/count_reg[2]
  -------------------------------------------------------------------
                         required time                      1000005.625    <hidden>
                         arrival time                          -7.519    <hidden>
  -------------------------------------------------------------------
                         slack                              999998.062    <hidden>

Slack (MET) :             999998.188ns  (required time - arrival time)
  Source:                 inputs/press_reg/C
                            (rising edge-triggered cell FDCE clocked by trainer_1khz  {rise@0.000ns fall@500000.031ns period=1000000.000ns})
  Destination:            core/value_reg[0]/D
                            (rising edge-triggered cell FDRE clocked by trainer_1khz  {rise@0.000ns fall@500000.031ns period=1000000.000ns})
  Path Group:             trainer_1khz
  Path Type:              Setup (Max at Slow Process Corner)
  Requirement:            1000000.062ns  (trainer_1khz rise@1000000.062ns - trainer_1khz rise@0.000ns)
  Data Path Delay:        1.748ns  (logic 0.580ns (33.174%)  route 1.168ns (66.826%))
  Logic Levels:           1  (LUT5=1)
  Clock Path Skew:        -0.026ns (DCD - SCD + CPR)
    Destination Clock Delay (DCD):    5.282ns = ( 1000005.375 - 1000000.062 ) 
    Source Clock Delay      (SCD):    5.598ns
    Clock Pessimism Removal (CPR):    0.290ns
  Clock Uncertainty:      0.035ns  ((TSJ^2 + TIJ^2)^1/2 + DJ) / 2 + PE
    Total System Jitter     (TSJ):    0.071ns
    Total Input Jitter      (TIJ):    0.000ns
    Discrete Jitter          (DJ):    0.000ns
    Phase Error              (PE):    0.000ns

    Location             Delay type                Incr(ns)  Path(ns)    Netlist Resource(s)
  -------------------------------------------------------------------    -------------------
                         (clock trainer_1khz rise edge)
                                                      0.000     0.000 r  <hidden>
    B6                                                0.000     0.000 r  clk
                         net (fo=0)                   0.000     0.000    clk
    B6                   IBUF (Prop_ibuf_I_O)         1.500     1.500 r  clk_IBUF_inst/O
                         net (fo=1, routed)           2.315     3.815    clk_IBUF
    BUFGCTRL_X0Y16       BUFG (Prop_bufg_I_O)         0.096     3.911 r  clk_IBUF_BUFG_inst/O
                         net (fo=26, routed)          1.687     5.598    inputs/CLK
    SLICE_X85Y120        FDCE                                         r  inputs/press_reg/C
  -------------------------------------------------------------------    -------------------
    SLICE_X85Y120        FDCE (Prop_fdce_C_Q)         0.456     6.054 r  inputs/press_reg/Q
                         net (fo=5, routed)           1.168     7.223    core/E[0]
    SLICE_X82Y122        LUT5 (Prop_lut5_I1_O)        0.124     7.347 r  core/value[0]_i_1/O
                         net (fo=1, routed)           0.000     7.347    core/value[0]_i_1_n_0
    SLICE_X82Y122        FDRE                                         r  core/value_reg[0]/D
  -------------------------------------------------------------------    -------------------

                         (clock trainer_1khz rise edge)
                                                  1000000.062 1000000.062 r  <hidden>
    B6                                                0.000 1000000.062 r  clk
                         net (fo=0)                   0.000 1000000.062    clk
    B6                   IBUF (Prop_ibuf_I_O)         1.429 1000001.500 r  clk_IBUF_inst/O
                         net (fo=1, routed)           2.196 1000003.688    clk_IBUF
    BUFGCTRL_X0Y16       BUFG (Prop_bufg_I_O)         0.091 1000003.750 r  clk_IBUF_BUFG_inst/O
                         net (fo=26, routed)          1.566 1000005.312    core/CLK
    SLICE_X82Y122        FDRE                                         r  core/value_reg[0]/C
                         clock pessimism              0.290 1000005.625    <hidden>
                         clock uncertainty           -0.035 1000005.562    <hidden>
    SLICE_X82Y122        FDRE (Setup_fdre_C_D)        0.031 1000005.562    core/value_reg[0]
  -------------------------------------------------------------------
                         required time                      1000005.500    <hidden>
                         arrival time                          -7.347    <hidden>
  -------------------------------------------------------------------
                         slack                              999998.188    <hidden>

Slack (MET) :             999998.188ns  (required time - arrival time)
  Source:                 inputs/sw_sync_reg[7]/C
                            (rising edge-triggered cell FDCE clocked by trainer_1khz  {rise@0.000ns fall@500000.031ns period=1000000.000ns})
  Destination:            core/value_reg[3]/D
                            (rising edge-triggered cell FDRE clocked by trainer_1khz  {rise@0.000ns fall@500000.031ns period=1000000.000ns})
  Path Group:             trainer_1khz
  Path Type:              Setup (Max at Slow Process Corner)
  Requirement:            1000000.062ns  (trainer_1khz rise@1000000.062ns - trainer_1khz rise@0.000ns)
  Data Path Delay:        1.756ns  (logic 0.718ns (40.894%)  route 1.038ns (59.106%))
  Logic Levels:           1  (LUT3=1)
  Clock Path Skew:        -0.022ns (DCD - SCD + CPR)
    Destination Clock Delay (DCD):    5.281ns = ( 1000005.312 - 1000000.062 ) 
    Source Clock Delay      (SCD):    5.593ns
    Clock Pessimism Removal (CPR):    0.290ns
  Clock Uncertainty:      0.035ns  ((TSJ^2 + TIJ^2)^1/2 + DJ) / 2 + PE
    Total System Jitter     (TSJ):    0.071ns
    Total Input Jitter      (TIJ):    0.000ns
    Discrete Jitter          (DJ):    0.000ns
    Phase Error              (PE):    0.000ns

    Location             Delay type                Incr(ns)  Path(ns)    Netlist Resource(s)
  -------------------------------------------------------------------    -------------------
                         (clock trainer_1khz rise edge)
                                                      0.000     0.000 r  <hidden>
    B6                                                0.000     0.000 r  clk
                         net (fo=0)                   0.000     0.000    clk
    B6                   IBUF (Prop_ibuf_I_O)         1.500     1.500 r  clk_IBUF_inst/O
                         net (fo=1, routed)           2.315     3.815    clk_IBUF
    BUFGCTRL_X0Y16       BUFG (Prop_bufg_I_O)         0.096     3.911 r  clk_IBUF_BUFG_inst/O
                         net (fo=26, routed)          1.682     5.593    inputs/CLK
    SLICE_X85Y123        FDCE                                         r  inputs/sw_sync_reg[7]/C
  -------------------------------------------------------------------    -------------------
    SLICE_X85Y123        FDCE (Prop_fdce_C_Q)         0.419     6.012 r  inputs/sw_sync_reg[7]/Q
                         net (fo=1, routed)           0.849     6.861    core/value_reg[3]_0[4]
    SLICE_X85Y123        LUT3 (Prop_lut3_I0_O)        0.299     7.160 r  core/value_inferred__0/i_/O
                         net (fo=2, routed)           0.189     7.349    core/value_inferred__0/i__n_0
    SLICE_X84Y123        FDRE                                         r  core/value_reg[3]/D
  -------------------------------------------------------------------    -------------------

                         (clock trainer_1khz rise edge)
                                                  1000000.062 1000000.062 r  <hidden>
    B6                                                0.000 1000000.062 r  clk
                         net (fo=0)                   0.000 1000000.062    clk
    B6                   IBUF (Prop_ibuf_I_O)         1.429 1000001.500 r  clk_IBUF_inst/O
                         net (fo=1, routed)           2.196 1000003.688    clk_IBUF
    BUFGCTRL_X0Y16       BUFG (Prop_bufg_I_O)         0.091 1000003.750 r  clk_IBUF_BUFG_inst/O
                         net (fo=26, routed)          1.565 1000005.312    core/CLK
    SLICE_X84Y123        FDRE                                         r  core/value_reg[3]/C
                         clock pessimism              0.290 1000005.625    <hidden>
                         clock uncertainty           -0.035 1000005.562    <hidden>
    SLICE_X84Y123        FDRE (Setup_fdre_C_D)       -0.031 1000005.562    core/value_reg[3]
  -------------------------------------------------------------------
                         required time                      1000005.500    <hidden>
                         arrival time                          -7.349    <hidden>
  -------------------------------------------------------------------
                         slack                              999998.188    <hidden>

Slack (MET) :             999998.188ns  (required time - arrival time)
  Source:                 inputs/button_sync_reg/C
                            (rising edge-triggered cell FDCE clocked by trainer_1khz  {rise@0.000ns fall@500000.031ns period=1000000.000ns})
  Destination:            inputs/accepted_reg/D
                            (rising edge-triggered cell FDCE clocked by trainer_1khz  {rise@0.000ns fall@500000.031ns period=1000000.000ns})
  Path Group:             trainer_1khz
  Path Type:              Setup (Max at Slow Process Corner)
  Requirement:            1000000.062ns  (trainer_1khz rise@1000000.062ns - trainer_1khz rise@0.000ns)
  Data Path Delay:        1.886ns  (logic 0.779ns (41.295%)  route 1.107ns (58.705%))
  Logic Levels:           1  (LUT6=1)
  Clock Path Skew:        -0.028ns (DCD - SCD + CPR)
    Destination Clock Delay (DCD):    5.284ns = ( 1000005.375 - 1000000.062 ) 
    Source Clock Delay      (SCD):    5.602ns
    Clock Pessimism Removal (CPR):    0.290ns
  Clock Uncertainty:      0.035ns  ((TSJ^2 + TIJ^2)^1/2 + DJ) / 2 + PE
    Total System Jitter     (TSJ):    0.071ns
    Total Input Jitter      (TIJ):    0.000ns
    Discrete Jitter          (DJ):    0.000ns
    Phase Error              (PE):    0.000ns

    Location             Delay type                Incr(ns)  Path(ns)    Netlist Resource(s)
  -------------------------------------------------------------------    -------------------
                         (clock trainer_1khz rise edge)
                                                      0.000     0.000 r  <hidden>
    B6                                                0.000     0.000 r  clk
                         net (fo=0)                   0.000     0.000    clk
    B6                   IBUF (Prop_ibuf_I_O)         1.500     1.500 r  clk_IBUF_inst/O
                         net (fo=1, routed)           2.315     3.815    clk_IBUF
    BUFGCTRL_X0Y16       BUFG (Prop_bufg_I_O)         0.096     3.911 r  clk_IBUF_BUFG_inst/O
                         net (fo=26, routed)          1.691     5.602    inputs/CLK
    SLICE_X84Y117        FDCE                                         r  inputs/button_sync_reg/C
  -------------------------------------------------------------------    -------------------
    SLICE_X84Y117        FDCE (Prop_fdce_C_Q)         0.478     6.080 r  inputs/button_sync_reg/Q
                         net (fo=3, routed)           1.107     7.188    inputs/button_sync
    SLICE_X84Y121        LUT6 (Prop_lut6_I4_O)        0.301     7.489 r  inputs/accepted_i_1/O
                         net (fo=1, routed)           0.000     7.489    inputs/accepted_i_1_n_0
    SLICE_X84Y121        FDCE                                         r  inputs/accepted_reg/D
  -------------------------------------------------------------------    -------------------

                         (clock trainer_1khz rise edge)
                                                  1000000.062 1000000.062 r  <hidden>
    B6                                                0.000 1000000.062 r  clk
                         net (fo=0)                   0.000 1000000.062    clk
    B6                   IBUF (Prop_ibuf_I_O)         1.429 1000001.500 r  clk_IBUF_inst/O
                         net (fo=1, routed)           2.196 1000003.688    clk_IBUF
    BUFGCTRL_X0Y16       BUFG (Prop_bufg_I_O)         0.091 1000003.750 r  clk_IBUF_BUFG_inst/O
                         net (fo=26, routed)          1.568 1000005.312    inputs/CLK
    SLICE_X84Y121        FDCE                                         r  inputs/accepted_reg/C
                         clock pessimism              0.290 1000005.625    <hidden>
                         clock uncertainty           -0.035 1000005.562    <hidden>
    SLICE_X84Y121        FDCE (Setup_fdce_C_D)        0.077 1000005.625    inputs/accepted_reg
  -------------------------------------------------------------------
                         required time                      1000005.625    <hidden>
                         arrival time                          -7.489    <hidden>
  -------------------------------------------------------------------
                         slack                              999998.188    <hidden>





Min Delay Paths
--------------------------------------------------------------------------------------
Slack (MET) :             0.121ns  (arrival time - required time)
  Source:                 inputs/sw_meta_reg[5]/C
                            (rising edge-triggered cell FDCE clocked by trainer_1khz  {rise@0.000ns fall@500000.031ns period=1000000.000ns})
  Destination:            inputs/sw_sync_reg[5]/D
                            (rising edge-triggered cell FDCE clocked by trainer_1khz  {rise@0.000ns fall@500000.031ns period=1000000.000ns})
  Path Group:             trainer_1khz
  Path Type:              Hold (Min at Fast Process Corner)
  Requirement:            0.000ns  (trainer_1khz rise@0.000ns - trainer_1khz rise@0.000ns)
  Data Path Delay:        0.197ns  (logic 0.141ns (71.611%)  route 0.056ns (28.389%))
  Logic Levels:           0  
  Clock Path Skew:        0.000ns (DCD - SCD - CPR)
    Destination Clock Delay (DCD):    2.209ns
    Source Clock Delay      (SCD):    1.686ns
    Clock Pessimism Removal (CPR):    0.523ns

    Location             Delay type                Incr(ns)  Path(ns)    Netlist Resource(s)
  -------------------------------------------------------------------    -------------------
                         (clock trainer_1khz rise edge)
                                                      0.000     0.000 r  <hidden>
    B6                                                0.000     0.000 r  clk
                         net (fo=0)                   0.000     0.000    clk
    B6                   IBUF (Prop_ibuf_I_O)         0.268     0.268 r  clk_IBUF_inst/O
                         net (fo=1, routed)           0.808     1.075    clk_IBUF
    BUFGCTRL_X0Y16       BUFG (Prop_bufg_I_O)         0.026     1.101 r  clk_IBUF_BUFG_inst/O
                         net (fo=26, routed)          0.585     1.686    inputs/CLK
    SLICE_X83Y122        FDCE                                         r  inputs/sw_meta_reg[5]/C
  -------------------------------------------------------------------    -------------------
    SLICE_X83Y122        FDCE (Prop_fdce_C_Q)         0.141     1.827 r  inputs/sw_meta_reg[5]/Q
                         net (fo=1, routed)           0.056     1.883    inputs/sw_meta[5]
    SLICE_X83Y122        FDCE                                         r  inputs/sw_sync_reg[5]/D
  -------------------------------------------------------------------    -------------------

                         (clock trainer_1khz rise edge)
                                                      0.000     0.000 r  <hidden>
    B6                                                0.000     0.000 r  clk
                         net (fo=0)                   0.000     0.000    clk
    B6                   IBUF (Prop_ibuf_I_O)         0.456     0.456 r  clk_IBUF_inst/O
                         net (fo=1, routed)           0.871     1.327    clk_IBUF
    BUFGCTRL_X0Y16       BUFG (Prop_bufg_I_O)         0.029     1.356 r  clk_IBUF_BUFG_inst/O
                         net (fo=26, routed)          0.854     2.209    inputs/CLK
    SLICE_X83Y122        FDCE                                         r  inputs/sw_sync_reg[5]/C
                         clock pessimism             -0.523     1.686    <hidden>
    SLICE_X83Y122        FDCE (Hold_fdce_C_D)         0.076     1.762    inputs/sw_sync_reg[5]
  -------------------------------------------------------------------
                         required time                         -1.762    <hidden>
                         arrival time                           1.883    <hidden>
  -------------------------------------------------------------------
                         slack                                  0.121    <hidden>

Slack (MET) :             0.122ns  (arrival time - required time)
  Source:                 inputs/sw_meta_reg[4]/C
                            (rising edge-triggered cell FDCE clocked by trainer_1khz  {rise@0.000ns fall@500000.031ns period=1000000.000ns})
  Destination:            inputs/sw_sync_reg[4]/D
                            (rising edge-triggered cell FDCE clocked by trainer_1khz  {rise@0.000ns fall@500000.031ns period=1000000.000ns})
  Path Group:             trainer_1khz
  Path Type:              Hold (Min at Fast Process Corner)
  Requirement:            0.000ns  (trainer_1khz rise@0.000ns - trainer_1khz rise@0.000ns)
  Data Path Delay:        0.197ns  (logic 0.141ns (71.611%)  route 0.056ns (28.389%))
  Logic Levels:           0  
  Clock Path Skew:        0.000ns (DCD - SCD - CPR)
    Destination Clock Delay (DCD):    2.210ns
    Source Clock Delay      (SCD):    1.686ns
    Clock Pessimism Removal (CPR):    0.524ns

    Location             Delay type                Incr(ns)  Path(ns)    Netlist Resource(s)
  -------------------------------------------------------------------    -------------------
                         (clock trainer_1khz rise edge)
                                                      0.000     0.000 r  <hidden>
    B6                                                0.000     0.000 r  clk
                         net (fo=0)                   0.000     0.000    clk
    B6                   IBUF (Prop_ibuf_I_O)         0.268     0.268 r  clk_IBUF_inst/O
                         net (fo=1, routed)           0.808     1.075    clk_IBUF
    BUFGCTRL_X0Y16       BUFG (Prop_bufg_I_O)         0.026     1.101 r  clk_IBUF_BUFG_inst/O
                         net (fo=26, routed)          0.585     1.686    inputs/CLK
    SLICE_X85Y121        FDCE                                         r  inputs/sw_meta_reg[4]/C
  -------------------------------------------------------------------    -------------------
    SLICE_X85Y121        FDCE (Prop_fdce_C_Q)         0.141     1.827 r  inputs/sw_meta_reg[4]/Q
                         net (fo=1, routed)           0.056     1.883    inputs/sw_meta[4]
    SLICE_X85Y121        FDCE                                         r  inputs/sw_sync_reg[4]/D
  -------------------------------------------------------------------    -------------------

                         (clock trainer_1khz rise edge)
                                                      0.000     0.000 r  <hidden>
    B6                                                0.000     0.000 r  clk
                         net (fo=0)                   0.000     0.000    clk
    B6                   IBUF (Prop_ibuf_I_O)         0.456     0.456 r  clk_IBUF_inst/O
                         net (fo=1, routed)           0.871     1.327    clk_IBUF
    BUFGCTRL_X0Y16       BUFG (Prop_bufg_I_O)         0.029     1.356 r  clk_IBUF_BUFG_inst/O
                         net (fo=26, routed)          0.855     2.210    inputs/CLK
    SLICE_X85Y121        FDCE                                         r  inputs/sw_sync_reg[4]/C
                         clock pessimism             -0.524     1.686    <hidden>
    SLICE_X85Y121        FDCE (Hold_fdce_C_D)         0.075     1.761    inputs/sw_sync_reg[4]
  -------------------------------------------------------------------
                         required time                         -1.761    <hidden>
                         arrival time                           1.883    <hidden>
  -------------------------------------------------------------------
                         slack                                  0.122    <hidden>

Slack (MET) :             0.122ns  (arrival time - required time)
  Source:                 inputs/reset_pipe_reg[0]/C
                            (rising edge-triggered cell FDPE clocked by trainer_1khz  {rise@0.000ns fall@500000.031ns period=1000000.000ns})
  Destination:            inputs/reset_pipe_reg[1]/D
                            (rising edge-triggered cell FDPE clocked by trainer_1khz  {rise@0.000ns fall@500000.031ns period=1000000.000ns})
  Path Group:             trainer_1khz
  Path Type:              Hold (Min at Fast Process Corner)
  Requirement:            0.000ns  (trainer_1khz rise@0.000ns - trainer_1khz rise@0.000ns)
  Data Path Delay:        0.197ns  (logic 0.141ns (71.611%)  route 0.056ns (28.389%))
  Logic Levels:           0  
  Clock Path Skew:        0.000ns (DCD - SCD - CPR)
    Destination Clock Delay (DCD):    2.209ns
    Source Clock Delay      (SCD):    1.686ns
    Clock Pessimism Removal (CPR):    0.523ns

    Location             Delay type                Incr(ns)  Path(ns)    Netlist Resource(s)
  -------------------------------------------------------------------    -------------------
                         (clock trainer_1khz rise edge)
                                                      0.000     0.000 r  <hidden>
    B6                                                0.000     0.000 r  clk
                         net (fo=0)                   0.000     0.000    clk
    B6                   IBUF (Prop_ibuf_I_O)         0.268     0.268 r  clk_IBUF_inst/O
                         net (fo=1, routed)           0.808     1.075    clk_IBUF
    BUFGCTRL_X0Y16       BUFG (Prop_bufg_I_O)         0.026     1.101 r  clk_IBUF_BUFG_inst/O
                         net (fo=26, routed)          0.585     1.686    inputs/CLK
    SLICE_X85Y122        FDPE                                         r  inputs/reset_pipe_reg[0]/C
  -------------------------------------------------------------------    -------------------
    SLICE_X85Y122        FDPE (Prop_fdpe_C_Q)         0.141     1.827 r  inputs/reset_pipe_reg[0]/Q
                         net (fo=1, routed)           0.056     1.883    inputs/reset_pipe[0]
    SLICE_X85Y122        FDPE                                         r  inputs/reset_pipe_reg[1]/D
  -------------------------------------------------------------------    -------------------

                         (clock trainer_1khz rise edge)
                                                      0.000     0.000 r  <hidden>
    B6                                                0.000     0.000 r  clk
                         net (fo=0)                   0.000     0.000    clk
    B6                   IBUF (Prop_ibuf_I_O)         0.456     0.456 r  clk_IBUF_inst/O
                         net (fo=1, routed)           0.871     1.327    clk_IBUF
    BUFGCTRL_X0Y16       BUFG (Prop_bufg_I_O)         0.029     1.356 r  clk_IBUF_BUFG_inst/O
                         net (fo=26, routed)          0.854     2.209    inputs/CLK
    SLICE_X85Y122        FDPE                                         r  inputs/reset_pipe_reg[1]/C
                         clock pessimism             -0.523     1.686    <hidden>
    SLICE_X85Y122        FDPE (Hold_fdpe_C_D)         0.075     1.761    inputs/reset_pipe_reg[1]
  -------------------------------------------------------------------
                         required time                         -1.761    <hidden>
                         arrival time                           1.883    <hidden>
  -------------------------------------------------------------------
                         slack                                  0.122    <hidden>

Slack (MET) :             0.122ns  (arrival time - required time)
  Source:                 inputs/sw_meta_reg[6]/C
                            (rising edge-triggered cell FDCE clocked by trainer_1khz  {rise@0.000ns fall@500000.031ns period=1000000.000ns})
  Destination:            inputs/sw_sync_reg[6]/D
                            (rising edge-triggered cell FDCE clocked by trainer_1khz  {rise@0.000ns fall@500000.031ns period=1000000.000ns})
  Path Group:             trainer_1khz
  Path Type:              Hold (Min at Fast Process Corner)
  Requirement:            0.000ns  (trainer_1khz rise@0.000ns - trainer_1khz rise@0.000ns)
  Data Path Delay:        0.197ns  (logic 0.141ns (71.611%)  route 0.056ns (28.389%))
  Logic Levels:           0  
  Clock Path Skew:        0.000ns (DCD - SCD - CPR)
    Destination Clock Delay (DCD):    2.209ns
    Source Clock Delay      (SCD):    1.686ns
    Clock Pessimism Removal (CPR):    0.523ns

    Location             Delay type                Incr(ns)  Path(ns)    Netlist Resource(s)
  -------------------------------------------------------------------    -------------------
                         (clock trainer_1khz rise edge)
                                                      0.000     0.000 r  <hidden>
    B6                                                0.000     0.000 r  clk
                         net (fo=0)                   0.000     0.000    clk
    B6                   IBUF (Prop_ibuf_I_O)         0.268     0.268 r  clk_IBUF_inst/O
                         net (fo=1, routed)           0.808     1.075    clk_IBUF
    BUFGCTRL_X0Y16       BUFG (Prop_bufg_I_O)         0.026     1.101 r  clk_IBUF_BUFG_inst/O
                         net (fo=26, routed)          0.585     1.686    inputs/CLK
    SLICE_X83Y122        FDCE                                         r  inputs/sw_meta_reg[6]/C
  -------------------------------------------------------------------    -------------------
    SLICE_X83Y122        FDCE (Prop_fdce_C_Q)         0.141     1.827 r  inputs/sw_meta_reg[6]/Q
                         net (fo=1, routed)           0.056     1.883    inputs/sw_meta[6]
    SLICE_X83Y122        FDCE                                         r  inputs/sw_sync_reg[6]/D
  -------------------------------------------------------------------    -------------------

                         (clock trainer_1khz rise edge)
                                                      0.000     0.000 r  <hidden>
    B6                                                0.000     0.000 r  clk
                         net (fo=0)                   0.000     0.000    clk
    B6                   IBUF (Prop_ibuf_I_O)         0.456     0.456 r  clk_IBUF_inst/O
                         net (fo=1, routed)           0.871     1.327    clk_IBUF
    BUFGCTRL_X0Y16       BUFG (Prop_bufg_I_O)         0.029     1.356 r  clk_IBUF_BUFG_inst/O
                         net (fo=26, routed)          0.854     2.209    inputs/CLK
    SLICE_X83Y122        FDCE                                         r  inputs/sw_sync_reg[6]/C
                         clock pessimism             -0.523     1.686    <hidden>
    SLICE_X83Y122        FDCE (Hold_fdce_C_D)         0.075     1.761    inputs/sw_sync_reg[6]
  -------------------------------------------------------------------
                         required time                         -1.761    <hidden>
                         arrival time                           1.883    <hidden>
  -------------------------------------------------------------------
                         slack                                  0.122    <hidden>

Slack (MET) :             0.122ns  (arrival time - required time)
  Source:                 inputs/sw_meta_reg[7]/C
                            (rising edge-triggered cell FDCE clocked by trainer_1khz  {rise@0.000ns fall@500000.031ns period=1000000.000ns})
  Destination:            inputs/sw_sync_reg[7]/D
                            (rising edge-triggered cell FDCE clocked by trainer_1khz  {rise@0.000ns fall@500000.031ns period=1000000.000ns})
  Path Group:             trainer_1khz
  Path Type:              Hold (Min at Fast Process Corner)
  Requirement:            0.000ns  (trainer_1khz rise@0.000ns - trainer_1khz rise@0.000ns)
  Data Path Delay:        0.197ns  (logic 0.141ns (71.611%)  route 0.056ns (28.389%))
  Logic Levels:           0  
  Clock Path Skew:        0.000ns (DCD - SCD - CPR)
    Destination Clock Delay (DCD):    2.207ns
    Source Clock Delay      (SCD):    1.684ns
    Clock Pessimism Removal (CPR):    0.523ns

    Location             Delay type                Incr(ns)  Path(ns)    Netlist Resource(s)
  -------------------------------------------------------------------    -------------------
                         (clock trainer_1khz rise edge)
                                                      0.000     0.000 r  <hidden>
    B6                                                0.000     0.000 r  clk
                         net (fo=0)                   0.000     0.000    clk
    B6                   IBUF (Prop_ibuf_I_O)         0.268     0.268 r  clk_IBUF_inst/O
                         net (fo=1, routed)           0.808     1.075    clk_IBUF
    BUFGCTRL_X0Y16       BUFG (Prop_bufg_I_O)         0.026     1.101 r  clk_IBUF_BUFG_inst/O
                         net (fo=26, routed)          0.583     1.684    inputs/CLK
    SLICE_X85Y123        FDCE                                         r  inputs/sw_meta_reg[7]/C
  -------------------------------------------------------------------    -------------------
    SLICE_X85Y123        FDCE (Prop_fdce_C_Q)         0.141     1.825 r  inputs/sw_meta_reg[7]/Q
                         net (fo=1, routed)           0.056     1.881    inputs/sw_meta[7]
    SLICE_X85Y123        FDCE                                         r  inputs/sw_sync_reg[7]/D
  -------------------------------------------------------------------    -------------------

                         (clock trainer_1khz rise edge)
                                                      0.000     0.000 r  <hidden>
    B6                                                0.000     0.000 r  clk
                         net (fo=0)                   0.000     0.000    clk
    B6                   IBUF (Prop_ibuf_I_O)         0.456     0.456 r  clk_IBUF_inst/O
                         net (fo=1, routed)           0.871     1.327    clk_IBUF
    BUFGCTRL_X0Y16       BUFG (Prop_bufg_I_O)         0.029     1.356 r  clk_IBUF_BUFG_inst/O
                         net (fo=26, routed)          0.851     2.207    inputs/CLK
    SLICE_X85Y123        FDCE                                         r  inputs/sw_sync_reg[7]/C
                         clock pessimism             -0.523     1.684    <hidden>
    SLICE_X85Y123        FDCE (Hold_fdce_C_D)         0.075     1.759    inputs/sw_sync_reg[7]
  -------------------------------------------------------------------
                         required time                         -1.759    <hidden>
                         arrival time                           1.881    <hidden>
  -------------------------------------------------------------------
                         slack                                  0.122    <hidden>

Slack (MET) :             0.126ns  (arrival time - required time)
  Source:                 inputs/sw_meta_reg[0]/C
                            (rising edge-triggered cell FDCE clocked by trainer_1khz  {rise@0.000ns fall@500000.031ns period=1000000.000ns})
  Destination:            inputs/sw_sync_reg[0]/D
                            (rising edge-triggered cell FDCE clocked by trainer_1khz  {rise@0.000ns fall@500000.031ns period=1000000.000ns})
  Path Group:             trainer_1khz
  Path Type:              Hold (Min at Fast Process Corner)
  Requirement:            0.000ns  (trainer_1khz rise@0.000ns - trainer_1khz rise@0.000ns)
  Data Path Delay:        0.197ns  (logic 0.141ns (71.611%)  route 0.056ns (28.389%))
  Logic Levels:           0  
  Clock Path Skew:        0.000ns (DCD - SCD - CPR)
    Destination Clock Delay (DCD):    2.207ns
    Source Clock Delay      (SCD):    1.684ns
    Clock Pessimism Removal (CPR):    0.523ns

    Location             Delay type                Incr(ns)  Path(ns)    Netlist Resource(s)
  -------------------------------------------------------------------    -------------------
                         (clock trainer_1khz rise edge)
                                                      0.000     0.000 r  <hidden>
    B6                                                0.000     0.000 r  clk
                         net (fo=0)                   0.000     0.000    clk
    B6                   IBUF (Prop_ibuf_I_O)         0.268     0.268 r  clk_IBUF_inst/O
                         net (fo=1, routed)           0.808     1.075    clk_IBUF
    BUFGCTRL_X0Y16       BUFG (Prop_bufg_I_O)         0.026     1.101 r  clk_IBUF_BUFG_inst/O
                         net (fo=26, routed)          0.583     1.684    inputs/CLK
    SLICE_X85Y123        FDCE                                         r  inputs/sw_meta_reg[0]/C
  -------------------------------------------------------------------    -------------------
    SLICE_X85Y123        FDCE (Prop_fdce_C_Q)         0.141     1.825 r  inputs/sw_meta_reg[0]/Q
                         net (fo=1, routed)           0.056     1.881    inputs/sw_meta[0]
    SLICE_X85Y123        FDCE                                         r  inputs/sw_sync_reg[0]/D
  -------------------------------------------------------------------    -------------------

                         (clock trainer_1khz rise edge)
                                                      0.000     0.000 r  <hidden>
    B6                                                0.000     0.000 r  clk
                         net (fo=0)                   0.000     0.000    clk
    B6                   IBUF (Prop_ibuf_I_O)         0.456     0.456 r  clk_IBUF_inst/O
                         net (fo=1, routed)           0.871     1.327    clk_IBUF
    BUFGCTRL_X0Y16       BUFG (Prop_bufg_I_O)         0.029     1.356 r  clk_IBUF_BUFG_inst/O
                         net (fo=26, routed)          0.851     2.207    inputs/CLK
    SLICE_X85Y123        FDCE                                         r  inputs/sw_sync_reg[0]/C
                         clock pessimism             -0.523     1.684    <hidden>
    SLICE_X85Y123        FDCE (Hold_fdce_C_D)         0.071     1.755    inputs/sw_sync_reg[0]
  -------------------------------------------------------------------
                         required time                         -1.755    <hidden>
                         arrival time                           1.881    <hidden>
  -------------------------------------------------------------------
                         slack                                  0.126    <hidden>

Slack (MET) :             0.167ns  (arrival time - required time)
  Source:                 inputs/button_meta_reg/C
                            (rising edge-triggered cell FDCE clocked by trainer_1khz  {rise@0.000ns fall@500000.031ns period=1000000.000ns})
  Destination:            inputs/button_sync_reg/D
                            (rising edge-triggered cell FDCE clocked by trainer_1khz  {rise@0.000ns fall@500000.031ns period=1000000.000ns})
  Path Group:             trainer_1khz
  Path Type:              Hold (Min at Fast Process Corner)
  Requirement:            0.000ns  (trainer_1khz rise@0.000ns - trainer_1khz rise@0.000ns)
  Data Path Delay:        0.220ns  (logic 0.164ns (74.580%)  route 0.056ns (25.420%))
  Logic Levels:           0  
  Clock Path Skew:        0.000ns (DCD - SCD - CPR)
    Destination Clock Delay (DCD):    2.214ns
    Source Clock Delay      (SCD):    1.690ns
    Clock Pessimism Removal (CPR):    0.524ns

    Location             Delay type                Incr(ns)  Path(ns)    Netlist Resource(s)
  -------------------------------------------------------------------    -------------------
                         (clock trainer_1khz rise edge)
                                                      0.000     0.000 r  <hidden>
    B6                                                0.000     0.000 r  clk
                         net (fo=0)                   0.000     0.000    clk
    B6                   IBUF (Prop_ibuf_I_O)         0.268     0.268 r  clk_IBUF_inst/O
                         net (fo=1, routed)           0.808     1.075    clk_IBUF
    BUFGCTRL_X0Y16       BUFG (Prop_bufg_I_O)         0.026     1.101 r  clk_IBUF_BUFG_inst/O
                         net (fo=26, routed)          0.589     1.690    inputs/CLK
    SLICE_X84Y117        FDCE                                         r  inputs/button_meta_reg/C
  -------------------------------------------------------------------    -------------------
    SLICE_X84Y117        FDCE (Prop_fdce_C_Q)         0.164     1.854 r  inputs/button_meta_reg/Q
                         net (fo=1, routed)           0.056     1.910    inputs/button_meta
    SLICE_X84Y117        FDCE                                         r  inputs/button_sync_reg/D
  -------------------------------------------------------------------    -------------------

                         (clock trainer_1khz rise edge)
                                                      0.000     0.000 r  <hidden>
    B6                                                0.000     0.000 r  clk
                         net (fo=0)                   0.000     0.000    clk
    B6                   IBUF (Prop_ibuf_I_O)         0.456     0.456 r  clk_IBUF_inst/O
                         net (fo=1, routed)           0.871     1.327    clk_IBUF
    BUFGCTRL_X0Y16       BUFG (Prop_bufg_I_O)         0.029     1.356 r  clk_IBUF_BUFG_inst/O
                         net (fo=26, routed)          0.859     2.214    inputs/CLK
    SLICE_X84Y117        FDCE                                         r  inputs/button_sync_reg/C
                         clock pessimism             -0.524     1.690    <hidden>
    SLICE_X84Y117        FDCE (Hold_fdce_C_D)         0.053     1.743    inputs/button_sync_reg
  -------------------------------------------------------------------
                         required time                         -1.743    <hidden>
                         arrival time                           1.910    <hidden>
  -------------------------------------------------------------------
                         slack                                  0.167    <hidden>

Slack (MET) :             0.203ns  (arrival time - required time)
  Source:                 inputs/count_reg[2]/C
                            (rising edge-triggered cell FDCE clocked by trainer_1khz  {rise@0.000ns fall@500000.031ns period=1000000.000ns})
  Destination:            inputs/press_reg/D
                            (rising edge-triggered cell FDCE clocked by trainer_1khz  {rise@0.000ns fall@500000.031ns period=1000000.000ns})
  Path Group:             trainer_1khz
  Path Type:              Hold (Min at Fast Process Corner)
  Requirement:            0.000ns  (trainer_1khz rise@0.000ns - trainer_1khz rise@0.000ns)
  Data Path Delay:        0.307ns  (logic 0.209ns (68.157%)  route 0.098ns (31.843%))
  Logic Levels:           1  (LUT6=1)
  Clock Path Skew:        0.013ns (DCD - SCD - CPR)
    Destination Clock Delay (DCD):    2.211ns
    Source Clock Delay      (SCD):    1.687ns
    Clock Pessimism Removal (CPR):    0.511ns

    Location             Delay type                Incr(ns)  Path(ns)    Netlist Resource(s)
  -------------------------------------------------------------------    -------------------
                         (clock trainer_1khz rise edge)
                                                      0.000     0.000 r  <hidden>
    B6                                                0.000     0.000 r  clk
                         net (fo=0)                   0.000     0.000    clk
    B6                   IBUF (Prop_ibuf_I_O)         0.268     0.268 r  clk_IBUF_inst/O
                         net (fo=1, routed)           0.808     1.075    clk_IBUF
    BUFGCTRL_X0Y16       BUFG (Prop_bufg_I_O)         0.026     1.101 r  clk_IBUF_BUFG_inst/O
                         net (fo=26, routed)          0.586     1.687    inputs/CLK
    SLICE_X84Y120        FDCE                                         r  inputs/count_reg[2]/C
  -------------------------------------------------------------------    -------------------
    SLICE_X84Y120        FDCE (Prop_fdce_C_Q)         0.164     1.851 f  inputs/count_reg[2]/Q
                         net (fo=5, routed)           0.098     1.949    inputs/count[2]
    SLICE_X85Y120        LUT6 (Prop_lut6_I1_O)        0.045     1.994 r  inputs/press_i_1/O
                         net (fo=1, routed)           0.000     1.994    inputs/press_i_1_n_0
    SLICE_X85Y120        FDCE                                         r  inputs/press_reg/D
  -------------------------------------------------------------------    -------------------

                         (clock trainer_1khz rise edge)
                                                      0.000     0.000 r  <hidden>
    B6                                                0.000     0.000 r  clk
                         net (fo=0)                   0.000     0.000    clk
    B6                   IBUF (Prop_ibuf_I_O)         0.456     0.456 r  clk_IBUF_inst/O
                         net (fo=1, routed)           0.871     1.327    clk_IBUF
    BUFGCTRL_X0Y16       BUFG (Prop_bufg_I_O)         0.029     1.356 r  clk_IBUF_BUFG_inst/O
                         net (fo=26, routed)          0.855     2.211    inputs/CLK
    SLICE_X85Y120        FDCE                                         r  inputs/press_reg/C
                         clock pessimism             -0.511     1.700    <hidden>
    SLICE_X85Y120        FDCE (Hold_fdce_C_D)         0.091     1.791    inputs/press_reg
  -------------------------------------------------------------------
                         required time                         -1.791    <hidden>
                         arrival time                           1.994    <hidden>
  -------------------------------------------------------------------
                         slack                                  0.203    <hidden>

Slack (MET) :             0.217ns  (arrival time - required time)
  Source:                 inputs/count_reg[4]/C
                            (rising edge-triggered cell FDCE clocked by trainer_1khz  {rise@0.000ns fall@500000.031ns period=1000000.000ns})
  Destination:            inputs/count_reg[2]/D
                            (rising edge-triggered cell FDCE clocked by trainer_1khz  {rise@0.000ns fall@500000.031ns period=1000000.000ns})
  Path Group:             trainer_1khz
  Path Type:              Hold (Min at Fast Process Corner)
  Requirement:            0.000ns  (trainer_1khz rise@0.000ns - trainer_1khz rise@0.000ns)
  Data Path Delay:        0.353ns  (logic 0.209ns (59.215%)  route 0.144ns (40.785%))
  Logic Levels:           1  (LUT6=1)
  Clock Path Skew:        0.015ns (DCD - SCD - CPR)
    Destination Clock Delay (DCD):    2.211ns
    Source Clock Delay      (SCD):    1.686ns
    Clock Pessimism Removal (CPR):    0.510ns

    Location             Delay type                Incr(ns)  Path(ns)    Netlist Resource(s)
  -------------------------------------------------------------------    -------------------
                         (clock trainer_1khz rise edge)
                                                      0.000     0.000 r  <hidden>
    B6                                                0.000     0.000 r  clk
                         net (fo=0)                   0.000     0.000    clk
    B6                   IBUF (Prop_ibuf_I_O)         0.268     0.268 r  clk_IBUF_inst/O
                         net (fo=1, routed)           0.808     1.075    clk_IBUF
    BUFGCTRL_X0Y16       BUFG (Prop_bufg_I_O)         0.026     1.101 r  clk_IBUF_BUFG_inst/O
                         net (fo=26, routed)          0.585     1.686    inputs/CLK
    SLICE_X84Y122        FDCE                                         r  inputs/count_reg[4]/C
  -------------------------------------------------------------------    -------------------
    SLICE_X84Y122        FDCE (Prop_fdce_C_Q)         0.164     1.850 f  inputs/count_reg[4]/Q
                         net (fo=4, routed)           0.144     1.994    inputs/count[4]
    SLICE_X84Y120        LUT6 (Prop_lut6_I2_O)        0.045     2.039 r  inputs/count[2]_i_1/O
                         net (fo=1, routed)           0.000     2.039    inputs/p_0_in__0[2]
    SLICE_X84Y120        FDCE                                         r  inputs/count_reg[2]/D
  -------------------------------------------------------------------    -------------------

                         (clock trainer_1khz rise edge)
                                                      0.000     0.000 r  <hidden>
    B6                                                0.000     0.000 r  clk
                         net (fo=0)                   0.000     0.000    clk
    B6                   IBUF (Prop_ibuf_I_O)         0.456     0.456 r  clk_IBUF_inst/O
                         net (fo=1, routed)           0.871     1.327    clk_IBUF
    BUFGCTRL_X0Y16       BUFG (Prop_bufg_I_O)         0.029     1.356 r  clk_IBUF_BUFG_inst/O
                         net (fo=26, routed)          0.855     2.211    inputs/CLK
    SLICE_X84Y120        FDCE                                         r  inputs/count_reg[2]/C
                         clock pessimism             -0.510     1.701    <hidden>
    SLICE_X84Y120        FDCE (Hold_fdce_C_D)         0.121     1.822    inputs/count_reg[2]
  -------------------------------------------------------------------
                         required time                         -1.822    <hidden>
                         arrival time                           2.039    <hidden>
  -------------------------------------------------------------------
                         slack                                  0.217    <hidden>

Slack (MET) :             0.236ns  (arrival time - required time)
  Source:                 inputs/count_reg[2]/C
                            (rising edge-triggered cell FDCE clocked by trainer_1khz  {rise@0.000ns fall@500000.031ns period=1000000.000ns})
  Destination:            inputs/count_reg[4]/D
                            (rising edge-triggered cell FDCE clocked by trainer_1khz  {rise@0.000ns fall@500000.031ns period=1000000.000ns})
  Path Group:             trainer_1khz
  Path Type:              Hold (Min at Fast Process Corner)
  Requirement:            0.000ns  (trainer_1khz rise@0.000ns - trainer_1khz rise@0.000ns)
  Data Path Delay:        0.369ns  (logic 0.209ns (56.661%)  route 0.160ns (43.339%))
  Logic Levels:           1  (LUT6=1)
  Clock Path Skew:        0.012ns (DCD - SCD - CPR)
    Destination Clock Delay (DCD):    2.209ns
    Source Clock Delay      (SCD):    1.687ns
    Clock Pessimism Removal (CPR):    0.510ns

    Location             Delay type                Incr(ns)  Path(ns)    Netlist Resource(s)
  -------------------------------------------------------------------    -------------------
                         (clock trainer_1khz rise edge)
                                                      0.000     0.000 r  <hidden>
    B6                                                0.000     0.000 r  clk
                         net (fo=0)                   0.000     0.000    clk
    B6                   IBUF (Prop_ibuf_I_O)         0.268     0.268 r  clk_IBUF_inst/O
                         net (fo=1, routed)           0.808     1.075    clk_IBUF
    BUFGCTRL_X0Y16       BUFG (Prop_bufg_I_O)         0.026     1.101 r  clk_IBUF_BUFG_inst/O
                         net (fo=26, routed)          0.586     1.687    inputs/CLK
    SLICE_X84Y120        FDCE                                         r  inputs/count_reg[2]/C
  -------------------------------------------------------------------    -------------------
    SLICE_X84Y120        FDCE (Prop_fdce_C_Q)         0.164     1.851 r  inputs/count_reg[2]/Q
                         net (fo=5, routed)           0.160     2.011    inputs/count[2]
    SLICE_X84Y122        LUT6 (Prop_lut6_I0_O)        0.045     2.056 r  inputs/count[4]_i_1/O
                         net (fo=1, routed)           0.000     2.056    inputs/p_0_in__0[4]
    SLICE_X84Y122        FDCE                                         r  inputs/count_reg[4]/D
  -------------------------------------------------------------------    -------------------

                         (clock trainer_1khz rise edge)
                                                      0.000     0.000 r  <hidden>
    B6                                                0.000     0.000 r  clk
                         net (fo=0)                   0.000     0.000    clk
    B6                   IBUF (Prop_ibuf_I_O)         0.456     0.456 r  clk_IBUF_inst/O
                         net (fo=1, routed)           0.871     1.327    clk_IBUF
    BUFGCTRL_X0Y16       BUFG (Prop_bufg_I_O)         0.029     1.356 r  clk_IBUF_BUFG_inst/O
                         net (fo=26, routed)          0.854     2.209    inputs/CLK
    SLICE_X84Y122        FDCE                                         r  inputs/count_reg[4]/C
                         clock pessimism             -0.510     1.699    <hidden>
    SLICE_X84Y122        FDCE (Hold_fdce_C_D)         0.121     1.820    inputs/count_reg[4]
  -------------------------------------------------------------------
                         required time                         -1.820    <hidden>
                         arrival time                           2.056    <hidden>
  -------------------------------------------------------------------
                         slack                                  0.236    <hidden>





Pulse Width Checks
--------------------------------------------------------------------------------------
Clock Name:         trainer_1khz
Waveform(ns):       { 0.000 500000.031 }
Period(ns):         1000000.062
Sources:            { clk }

Check Type        Corner  Lib Pin  Reference Pin  Required(ns)  Actual(ns)   Slack(ns)   Location        Pin
Min Period        n/a     BUFG/I   n/a            2.155         1000000.047  999997.836  BUFGCTRL_X0Y16  clk_IBUF_BUFG_inst/I
Min Period        n/a     FDRE/C   n/a            1.000         1000000.047  999999.000  SLICE_X82Y122   core/value_reg[0]/C
Min Period        n/a     FDRE/C   n/a            1.000         1000000.047  999999.000  SLICE_X82Y122   core/value_reg[1]/C
Min Period        n/a     FDRE/C   n/a            1.000         1000000.047  999999.000  SLICE_X82Y122   core/value_reg[2]/C
Min Period        n/a     FDRE/C   n/a            1.000         1000000.047  999999.000  SLICE_X84Y123   core/value_reg[3]/C
Min Period        n/a     FDRE/C   n/a            1.000         1000000.047  999999.000  SLICE_X84Y123   core/value_reg[3]_lopt_replica/C
Min Period        n/a     FDCE/C   n/a            1.000         1000000.047  999999.000  SLICE_X84Y121   inputs/accepted_reg/C
Min Period        n/a     FDCE/C   n/a            1.000         1000000.047  999999.000  SLICE_X84Y117   inputs/button_meta_reg/C
Min Period        n/a     FDCE/C   n/a            1.000         1000000.047  999999.000  SLICE_X84Y117   inputs/button_sync_reg/C
Min Period        n/a     FDCE/C   n/a            1.000         1000000.047  999999.000  SLICE_X84Y121   inputs/count_reg[0]/C
Low Pulse Width   Slow    FDRE/C   n/a            0.500         499999.907   499999.383  SLICE_X82Y122   core/value_reg[0]/C
Low Pulse Width   Slow    FDRE/C   n/a            0.500         499999.907   499999.383  SLICE_X82Y122   core/value_reg[1]/C
Low Pulse Width   Slow    FDRE/C   n/a            0.500         499999.907   499999.383  SLICE_X82Y122   core/value_reg[2]/C
Low Pulse Width   Slow    FDRE/C   n/a            0.500         499999.907   499999.383  SLICE_X84Y123   core/value_reg[3]/C
Low Pulse Width   Slow    FDRE/C   n/a            0.500         499999.907   499999.383  SLICE_X84Y123   core/value_reg[3]_lopt_replica/C
Low Pulse Width   Slow    FDCE/C   n/a            0.500         499999.907   499999.383  SLICE_X84Y121   inputs/accepted_reg/C
Low Pulse Width   Slow    FDCE/C   n/a            0.500         499999.907   499999.383  SLICE_X84Y117   inputs/button_meta_reg/C
Low Pulse Width   Slow    FDCE/C   n/a            0.500         499999.907   499999.383  SLICE_X84Y117   inputs/button_sync_reg/C
Low Pulse Width   Slow    FDCE/C   n/a            0.500         499999.907   499999.383  SLICE_X84Y121   inputs/count_reg[0]/C
Low Pulse Width   Slow    FDCE/C   n/a            0.500         499999.907   499999.383  SLICE_X84Y120   inputs/count_reg[1]/C
High Pulse Width  Fast    FDRE/C   n/a            0.500         500000.024   499999.500  SLICE_X82Y122   core/value_reg[0]/C
High Pulse Width  Fast    FDRE/C   n/a            0.500         500000.024   499999.500  SLICE_X82Y122   core/value_reg[1]/C
High Pulse Width  Fast    FDRE/C   n/a            0.500         500000.024   499999.500  SLICE_X82Y122   core/value_reg[2]/C
High Pulse Width  Fast    FDRE/C   n/a            0.500         500000.024   499999.500  SLICE_X84Y123   core/value_reg[3]/C
High Pulse Width  Fast    FDRE/C   n/a            0.500         500000.024   499999.500  SLICE_X84Y123   core/value_reg[3]_lopt_replica/C
High Pulse Width  Fast    FDCE/C   n/a            0.500         500000.024   499999.500  SLICE_X84Y121   inputs/accepted_reg/C
High Pulse Width  Fast    FDCE/C   n/a            0.500         500000.024   499999.500  SLICE_X84Y117   inputs/button_meta_reg/C
High Pulse Width  Fast    FDCE/C   n/a            0.500         500000.024   499999.500  SLICE_X84Y117   inputs/button_sync_reg/C
High Pulse Width  Fast    FDCE/C   n/a            0.500         500000.024   499999.500  SLICE_X84Y121   inputs/count_reg[0]/C
High Pulse Width  Fast    FDCE/C   n/a            0.500         500000.024   499999.500  SLICE_X84Y120   inputs/count_reg[1]/C



---------------------------------------------------------------------------------------------------
Path Group:  **async_default**
From Clock:  trainer_1khz
  To Clock:  trainer_1khz

Setup :            0  Failing Endpoints,  Worst Slack   999998.312ns,  Total Violation        0.000ns
Hold  :            0  Failing Endpoints,  Worst Slack        0.440ns,  Total Violation        0.000ns
---------------------------------------------------------------------------------------------------


Max Delay Paths
--------------------------------------------------------------------------------------
Slack (MET) :             999998.312ns  (required time - arrival time)
  Source:                 inputs/reset_pipe_reg[1]/C
                            (rising edge-triggered cell FDPE clocked by trainer_1khz  {rise@0.000ns fall@500000.031ns period=1000000.000ns})
  Destination:            inputs/button_sync_reg/CLR
                            (recovery check against rising-edge clock trainer_1khz  {rise@0.000ns fall@500000.031ns period=1000000.000ns})
  Path Group:             **async_default**
  Path Type:              Recovery (Max at Slow Process Corner)
  Requirement:            1000000.062ns  (trainer_1khz rise@1000000.062ns - trainer_1khz rise@0.000ns)
  Data Path Delay:        1.015ns  (logic 0.419ns (41.287%)  route 0.596ns (58.713%))
  Logic Levels:           0  
  Clock Path Skew:        -0.016ns (DCD - SCD + CPR)
    Destination Clock Delay (DCD):    5.288ns = ( 1000005.375 - 1000000.062 ) 
    Source Clock Delay      (SCD):    5.594ns
    Clock Pessimism Removal (CPR):    0.290ns
  Clock Uncertainty:      0.035ns  ((TSJ^2 + TIJ^2)^1/2 + DJ) / 2 + PE
    Total System Jitter     (TSJ):    0.071ns
    Total Input Jitter      (TIJ):    0.000ns
    Discrete Jitter          (DJ):    0.000ns
    Phase Error              (PE):    0.000ns

    Location             Delay type                Incr(ns)  Path(ns)    Netlist Resource(s)
  -------------------------------------------------------------------    -------------------
                         (clock trainer_1khz rise edge)
                                                      0.000     0.000 r  <hidden>
    B6                                                0.000     0.000 r  clk
                         net (fo=0)                   0.000     0.000    clk
    B6                   IBUF (Prop_ibuf_I_O)         1.500     1.500 r  clk_IBUF_inst/O
                         net (fo=1, routed)           2.315     3.815    clk_IBUF
    BUFGCTRL_X0Y16       BUFG (Prop_bufg_I_O)         0.096     3.911 r  clk_IBUF_BUFG_inst/O
                         net (fo=26, routed)          1.683     5.594    inputs/CLK
    SLICE_X85Y122        FDPE                                         r  inputs/reset_pipe_reg[1]/C
  -------------------------------------------------------------------    -------------------
    SLICE_X85Y122        FDPE (Prop_fdpe_C_Q)         0.419     6.013 f  inputs/reset_pipe_reg[1]/Q
                         net (fo=24, routed)          0.596     6.609    inputs/reset_pipe[1]
    SLICE_X84Y117        FDCE                                         f  inputs/button_sync_reg/CLR
  -------------------------------------------------------------------    -------------------

                         (clock trainer_1khz rise edge)
                                                  1000000.062 1000000.062 r  <hidden>
    B6                                                0.000 1000000.062 r  clk
                         net (fo=0)                   0.000 1000000.062    clk
    B6                   IBUF (Prop_ibuf_I_O)         1.429 1000001.500 r  clk_IBUF_inst/O
                         net (fo=1, routed)           2.196 1000003.688    clk_IBUF
    BUFGCTRL_X0Y16       BUFG (Prop_bufg_I_O)         0.091 1000003.750 r  clk_IBUF_BUFG_inst/O
                         net (fo=26, routed)          1.572 1000005.312    inputs/CLK
    SLICE_X84Y117        FDCE                                         r  inputs/button_sync_reg/C
                         clock pessimism              0.290 1000005.625    <hidden>
                         clock uncertainty           -0.035 1000005.562    <hidden>
    SLICE_X84Y117        FDCE (Recov_fdce_C_CLR)     -0.536 1000005.000    inputs/button_sync_reg
  -------------------------------------------------------------------
                         required time                      1000004.938    <hidden>
                         arrival time                          -6.609    <hidden>
  -------------------------------------------------------------------
                         slack                              999998.312    <hidden>

Slack (MET) :             999998.312ns  (required time - arrival time)
  Source:                 inputs/reset_pipe_reg[1]/C
                            (rising edge-triggered cell FDPE clocked by trainer_1khz  {rise@0.000ns fall@500000.031ns period=1000000.000ns})
  Destination:            inputs/count_reg[3]/CLR
                            (recovery check against rising-edge clock trainer_1khz  {rise@0.000ns fall@500000.031ns period=1000000.000ns})
  Path Group:             **async_default**
  Path Type:              Recovery (Max at Slow Process Corner)
  Requirement:            1000000.062ns  (trainer_1khz rise@1000000.062ns - trainer_1khz rise@0.000ns)
  Data Path Delay:        1.021ns  (logic 0.419ns (41.042%)  route 0.602ns (58.958%))
  Logic Levels:           0  
  Clock Path Skew:        -0.019ns (DCD - SCD + CPR)
    Destination Clock Delay (DCD):    5.285ns = ( 1000005.375 - 1000000.062 ) 
    Source Clock Delay      (SCD):    5.594ns
    Clock Pessimism Removal (CPR):    0.290ns
  Clock Uncertainty:      0.035ns  ((TSJ^2 + TIJ^2)^1/2 + DJ) / 2 + PE
    Total System Jitter     (TSJ):    0.071ns
    Total Input Jitter      (TIJ):    0.000ns
    Discrete Jitter          (DJ):    0.000ns
    Phase Error              (PE):    0.000ns

    Location             Delay type                Incr(ns)  Path(ns)    Netlist Resource(s)
  -------------------------------------------------------------------    -------------------
                         (clock trainer_1khz rise edge)
                                                      0.000     0.000 r  <hidden>
    B6                                                0.000     0.000 r  clk
                         net (fo=0)                   0.000     0.000    clk
    B6                   IBUF (Prop_ibuf_I_O)         1.500     1.500 r  clk_IBUF_inst/O
                         net (fo=1, routed)           2.315     3.815    clk_IBUF
    BUFGCTRL_X0Y16       BUFG (Prop_bufg_I_O)         0.096     3.911 r  clk_IBUF_BUFG_inst/O
                         net (fo=26, routed)          1.683     5.594    inputs/CLK
    SLICE_X85Y122        FDPE                                         r  inputs/reset_pipe_reg[1]/C
  -------------------------------------------------------------------    -------------------
    SLICE_X85Y122        FDPE (Prop_fdpe_C_Q)         0.419     6.013 f  inputs/reset_pipe_reg[1]/Q
                         net (fo=24, routed)          0.602     6.615    inputs/reset_pipe[1]
    SLICE_X84Y120        FDCE                                         f  inputs/count_reg[3]/CLR
  -------------------------------------------------------------------    -------------------

                         (clock trainer_1khz rise edge)
                                                  1000000.062 1000000.062 r  <hidden>
    B6                                                0.000 1000000.062 r  clk
                         net (fo=0)                   0.000 1000000.062    clk
    B6                   IBUF (Prop_ibuf_I_O)         1.429 1000001.500 r  clk_IBUF_inst/O
                         net (fo=1, routed)           2.196 1000003.688    clk_IBUF
    BUFGCTRL_X0Y16       BUFG (Prop_bufg_I_O)         0.091 1000003.750 r  clk_IBUF_BUFG_inst/O
                         net (fo=26, routed)          1.569 1000005.312    inputs/CLK
    SLICE_X84Y120        FDCE                                         r  inputs/count_reg[3]/C
                         clock pessimism              0.290 1000005.625    <hidden>
                         clock uncertainty           -0.035 1000005.562    <hidden>
    SLICE_X84Y120        FDCE (Recov_fdce_C_CLR)     -0.536 1000005.000    inputs/count_reg[3]
  -------------------------------------------------------------------
                         required time                      1000004.938    <hidden>
                         arrival time                          -6.615    <hidden>
  -------------------------------------------------------------------
                         slack                              999998.312    <hidden>

Slack (MET) :             999998.312ns  (required time - arrival time)
  Source:                 inputs/reset_pipe_reg[1]/C
                            (rising edge-triggered cell FDPE clocked by trainer_1khz  {rise@0.000ns fall@500000.031ns period=1000000.000ns})
  Destination:            inputs/count_reg[4]/CLR
                            (recovery check against rising-edge clock trainer_1khz  {rise@0.000ns fall@500000.031ns period=1000000.000ns})
  Path Group:             **async_default**
  Path Type:              Recovery (Max at Slow Process Corner)
  Requirement:            1000000.062ns  (trainer_1khz rise@1000000.062ns - trainer_1khz rise@0.000ns)
  Data Path Delay:        1.118ns  (logic 0.419ns (37.471%)  route 0.699ns (62.529%))
  Logic Levels:           0  
  Clock Path Skew:        -0.022ns (DCD - SCD + CPR)
    Destination Clock Delay (DCD):    5.282ns = ( 1000005.375 - 1000000.062 ) 
    Source Clock Delay      (SCD):    5.594ns
    Clock Pessimism Removal (CPR):    0.290ns
  Clock Uncertainty:      0.035ns  ((TSJ^2 + TIJ^2)^1/2 + DJ) / 2 + PE
    Total System Jitter     (TSJ):    0.071ns
    Total Input Jitter      (TIJ):    0.000ns
    Discrete Jitter          (DJ):    0.000ns
    Phase Error              (PE):    0.000ns

    Location             Delay type                Incr(ns)  Path(ns)    Netlist Resource(s)
  -------------------------------------------------------------------    -------------------
                         (clock trainer_1khz rise edge)
                                                      0.000     0.000 r  <hidden>
    B6                                                0.000     0.000 r  clk
                         net (fo=0)                   0.000     0.000    clk
    B6                   IBUF (Prop_ibuf_I_O)         1.500     1.500 r  clk_IBUF_inst/O
                         net (fo=1, routed)           2.315     3.815    clk_IBUF
    BUFGCTRL_X0Y16       BUFG (Prop_bufg_I_O)         0.096     3.911 r  clk_IBUF_BUFG_inst/O
                         net (fo=26, routed)          1.683     5.594    inputs/CLK
    SLICE_X85Y122        FDPE                                         r  inputs/reset_pipe_reg[1]/C
  -------------------------------------------------------------------    -------------------
    SLICE_X85Y122        FDPE (Prop_fdpe_C_Q)         0.419     6.013 f  inputs/reset_pipe_reg[1]/Q
                         net (fo=24, routed)          0.699     6.713    inputs/reset_pipe[1]
    SLICE_X84Y122        FDCE                                         f  inputs/count_reg[4]/CLR
  -------------------------------------------------------------------    -------------------

                         (clock trainer_1khz rise edge)
                                                  1000000.062 1000000.062 r  <hidden>
    B6                                                0.000 1000000.062 r  clk
                         net (fo=0)                   0.000 1000000.062    clk
    B6                   IBUF (Prop_ibuf_I_O)         1.429 1000001.500 r  clk_IBUF_inst/O
                         net (fo=1, routed)           2.196 1000003.688    clk_IBUF
    BUFGCTRL_X0Y16       BUFG (Prop_bufg_I_O)         0.091 1000003.750 r  clk_IBUF_BUFG_inst/O
                         net (fo=26, routed)          1.566 1000005.312    inputs/CLK
    SLICE_X84Y122        FDCE                                         r  inputs/count_reg[4]/C
                         clock pessimism              0.290 1000005.625    <hidden>
                         clock uncertainty           -0.035 1000005.562    <hidden>
    SLICE_X84Y122        FDCE (Recov_fdce_C_CLR)     -0.494 1000005.062    inputs/count_reg[4]
  -------------------------------------------------------------------
                         required time                      1000005.062    <hidden>
                         arrival time                          -6.713    <hidden>
  -------------------------------------------------------------------
                         slack                              999998.312    <hidden>

Slack (MET) :             999998.312ns  (required time - arrival time)
  Source:                 inputs/reset_pipe_reg[1]/C
                            (rising edge-triggered cell FDPE clocked by trainer_1khz  {rise@0.000ns fall@500000.031ns period=1000000.000ns})
  Destination:            inputs/press_reg/CLR
                            (recovery check against rising-edge clock trainer_1khz  {rise@0.000ns fall@500000.031ns period=1000000.000ns})
  Path Group:             **async_default**
  Path Type:              Recovery (Max at Slow Process Corner)
  Requirement:            1000000.062ns  (trainer_1khz rise@1000000.062ns - trainer_1khz rise@0.000ns)
  Data Path Delay:        1.021ns  (logic 0.419ns (41.042%)  route 0.602ns (58.958%))
  Logic Levels:           0  
  Clock Path Skew:        -0.019ns (DCD - SCD + CPR)
    Destination Clock Delay (DCD):    5.285ns = ( 1000005.375 - 1000000.062 ) 
    Source Clock Delay      (SCD):    5.594ns
    Clock Pessimism Removal (CPR):    0.290ns
  Clock Uncertainty:      0.035ns  ((TSJ^2 + TIJ^2)^1/2 + DJ) / 2 + PE
    Total System Jitter     (TSJ):    0.071ns
    Total Input Jitter      (TIJ):    0.000ns
    Discrete Jitter          (DJ):    0.000ns
    Phase Error              (PE):    0.000ns

    Location             Delay type                Incr(ns)  Path(ns)    Netlist Resource(s)
  -------------------------------------------------------------------    -------------------
                         (clock trainer_1khz rise edge)
                                                      0.000     0.000 r  <hidden>
    B6                                                0.000     0.000 r  clk
                         net (fo=0)                   0.000     0.000    clk
    B6                   IBUF (Prop_ibuf_I_O)         1.500     1.500 r  clk_IBUF_inst/O
                         net (fo=1, routed)           2.315     3.815    clk_IBUF
    BUFGCTRL_X0Y16       BUFG (Prop_bufg_I_O)         0.096     3.911 r  clk_IBUF_BUFG_inst/O
                         net (fo=26, routed)          1.683     5.594    inputs/CLK
    SLICE_X85Y122        FDPE                                         r  inputs/reset_pipe_reg[1]/C
  -------------------------------------------------------------------    -------------------
    SLICE_X85Y122        FDPE (Prop_fdpe_C_Q)         0.419     6.013 f  inputs/reset_pipe_reg[1]/Q
                         net (fo=24, routed)          0.602     6.615    inputs/reset_pipe[1]
    SLICE_X85Y120        FDCE                                         f  inputs/press_reg/CLR
  -------------------------------------------------------------------    -------------------

                         (clock trainer_1khz rise edge)
                                                  1000000.062 1000000.062 r  <hidden>
    B6                                                0.000 1000000.062 r  clk
                         net (fo=0)                   0.000 1000000.062    clk
    B6                   IBUF (Prop_ibuf_I_O)         1.429 1000001.500 r  clk_IBUF_inst/O
                         net (fo=1, routed)           2.196 1000003.688    clk_IBUF
    BUFGCTRL_X0Y16       BUFG (Prop_bufg_I_O)         0.091 1000003.750 r  clk_IBUF_BUFG_inst/O
                         net (fo=26, routed)          1.569 1000005.312    inputs/CLK
    SLICE_X85Y120        FDCE                                         r  inputs/press_reg/C
                         clock pessimism              0.290 1000005.625    <hidden>
                         clock uncertainty           -0.035 1000005.562    <hidden>
    SLICE_X85Y120        FDCE (Recov_fdce_C_CLR)     -0.580 1000005.000    inputs/press_reg
  -------------------------------------------------------------------
                         required time                      1000004.938    <hidden>
                         arrival time                          -6.615    <hidden>
  -------------------------------------------------------------------
                         slack                              999998.312    <hidden>

Slack (MET) :             999998.312ns  (required time - arrival time)
  Source:                 inputs/reset_pipe_reg[1]/C
                            (rising edge-triggered cell FDPE clocked by trainer_1khz  {rise@0.000ns fall@500000.031ns period=1000000.000ns})
  Destination:            inputs/sw_meta_reg[5]/CLR
                            (recovery check against rising-edge clock trainer_1khz  {rise@0.000ns fall@500000.031ns period=1000000.000ns})
  Path Group:             **async_default**
  Path Type:              Recovery (Max at Slow Process Corner)
  Requirement:            1000000.062ns  (trainer_1khz rise@1000000.062ns - trainer_1khz rise@0.000ns)
  Data Path Delay:        1.020ns  (logic 0.419ns (41.064%)  route 0.601ns (58.936%))
  Logic Levels:           0  
  Clock Path Skew:        -0.022ns (DCD - SCD + CPR)
    Destination Clock Delay (DCD):    5.282ns = ( 1000005.375 - 1000000.062 ) 
    Source Clock Delay      (SCD):    5.594ns
    Clock Pessimism Removal (CPR):    0.290ns
  Clock Uncertainty:      0.035ns  ((TSJ^2 + TIJ^2)^1/2 + DJ) / 2 + PE
    Total System Jitter     (TSJ):    0.071ns
    Total Input Jitter      (TIJ):    0.000ns
    Discrete Jitter          (DJ):    0.000ns
    Phase Error              (PE):    0.000ns

    Location             Delay type                Incr(ns)  Path(ns)    Netlist Resource(s)
  -------------------------------------------------------------------    -------------------
                         (clock trainer_1khz rise edge)
                                                      0.000     0.000 r  <hidden>
    B6                                                0.000     0.000 r  clk
                         net (fo=0)                   0.000     0.000    clk
    B6                   IBUF (Prop_ibuf_I_O)         1.500     1.500 r  clk_IBUF_inst/O
                         net (fo=1, routed)           2.315     3.815    clk_IBUF
    BUFGCTRL_X0Y16       BUFG (Prop_bufg_I_O)         0.096     3.911 r  clk_IBUF_BUFG_inst/O
                         net (fo=26, routed)          1.683     5.594    inputs/CLK
    SLICE_X85Y122        FDPE                                         r  inputs/reset_pipe_reg[1]/C
  -------------------------------------------------------------------    -------------------
    SLICE_X85Y122        FDPE (Prop_fdpe_C_Q)         0.419     6.013 f  inputs/reset_pipe_reg[1]/Q
                         net (fo=24, routed)          0.601     6.615    inputs/reset_pipe[1]
    SLICE_X83Y122        FDCE                                         f  inputs/sw_meta_reg[5]/CLR
  -------------------------------------------------------------------    -------------------

                         (clock trainer_1khz rise edge)
                                                  1000000.062 1000000.062 r  <hidden>
    B6                                                0.000 1000000.062 r  clk
                         net (fo=0)                   0.000 1000000.062    clk
    B6                   IBUF (Prop_ibuf_I_O)         1.429 1000001.500 r  clk_IBUF_inst/O
                         net (fo=1, routed)           2.196 1000003.688    clk_IBUF
    BUFGCTRL_X0Y16       BUFG (Prop_bufg_I_O)         0.091 1000003.750 r  clk_IBUF_BUFG_inst/O
                         net (fo=26, routed)          1.566 1000005.312    inputs/CLK
    SLICE_X83Y122        FDCE                                         r  inputs/sw_meta_reg[5]/C
                         clock pessimism              0.290 1000005.625    <hidden>
                         clock uncertainty           -0.035 1000005.562    <hidden>
    SLICE_X83Y122        FDCE (Recov_fdce_C_CLR)     -0.580 1000005.000    inputs/sw_meta_reg[5]
  -------------------------------------------------------------------
                         required time                      1000004.938    <hidden>
                         arrival time                          -6.615    <hidden>
  -------------------------------------------------------------------
                         slack                              999998.312    <hidden>

Slack (MET) :             999998.312ns  (required time - arrival time)
  Source:                 inputs/reset_pipe_reg[1]/C
                            (rising edge-triggered cell FDPE clocked by trainer_1khz  {rise@0.000ns fall@500000.031ns period=1000000.000ns})
  Destination:            inputs/sw_meta_reg[6]/CLR
                            (recovery check against rising-edge clock trainer_1khz  {rise@0.000ns fall@500000.031ns period=1000000.000ns})
  Path Group:             **async_default**
  Path Type:              Recovery (Max at Slow Process Corner)
  Requirement:            1000000.062ns  (trainer_1khz rise@1000000.062ns - trainer_1khz rise@0.000ns)
  Data Path Delay:        1.020ns  (logic 0.419ns (41.064%)  route 0.601ns (58.936%))
  Logic Levels:           0  
  Clock Path Skew:        -0.022ns (DCD - SCD + CPR)
    Destination Clock Delay (DCD):    5.282ns = ( 1000005.375 - 1000000.062 ) 
    Source Clock Delay      (SCD):    5.594ns
    Clock Pessimism Removal (CPR):    0.290ns
  Clock Uncertainty:      0.035ns  ((TSJ^2 + TIJ^2)^1/2 + DJ) / 2 + PE
    Total System Jitter     (TSJ):    0.071ns
    Total Input Jitter      (TIJ):    0.000ns
    Discrete Jitter          (DJ):    0.000ns
    Phase Error              (PE):    0.000ns

    Location             Delay type                Incr(ns)  Path(ns)    Netlist Resource(s)
  -------------------------------------------------------------------    -------------------
                         (clock trainer_1khz rise edge)
                                                      0.000     0.000 r  <hidden>
    B6                                                0.000     0.000 r  clk
                         net (fo=0)                   0.000     0.000    clk
    B6                   IBUF (Prop_ibuf_I_O)         1.500     1.500 r  clk_IBUF_inst/O
                         net (fo=1, routed)           2.315     3.815    clk_IBUF
    BUFGCTRL_X0Y16       BUFG (Prop_bufg_I_O)         0.096     3.911 r  clk_IBUF_BUFG_inst/O
                         net (fo=26, routed)          1.683     5.594    inputs/CLK
    SLICE_X85Y122        FDPE                                         r  inputs/reset_pipe_reg[1]/C
  -------------------------------------------------------------------    -------------------
    SLICE_X85Y122        FDPE (Prop_fdpe_C_Q)         0.419     6.013 f  inputs/reset_pipe_reg[1]/Q
                         net (fo=24, routed)          0.601     6.615    inputs/reset_pipe[1]
    SLICE_X83Y122        FDCE                                         f  inputs/sw_meta_reg[6]/CLR
  -------------------------------------------------------------------    -------------------

                         (clock trainer_1khz rise edge)
                                                  1000000.062 1000000.062 r  <hidden>
    B6                                                0.000 1000000.062 r  clk
                         net (fo=0)                   0.000 1000000.062    clk
    B6                   IBUF (Prop_ibuf_I_O)         1.429 1000001.500 r  clk_IBUF_inst/O
                         net (fo=1, routed)           2.196 1000003.688    clk_IBUF
    BUFGCTRL_X0Y16       BUFG (Prop_bufg_I_O)         0.091 1000003.750 r  clk_IBUF_BUFG_inst/O
                         net (fo=26, routed)          1.566 1000005.312    inputs/CLK
    SLICE_X83Y122        FDCE                                         r  inputs/sw_meta_reg[6]/C
                         clock pessimism              0.290 1000005.625    <hidden>
                         clock uncertainty           -0.035 1000005.562    <hidden>
    SLICE_X83Y122        FDCE (Recov_fdce_C_CLR)     -0.580 1000005.000    inputs/sw_meta_reg[6]
  -------------------------------------------------------------------
                         required time                      1000004.938    <hidden>
                         arrival time                          -6.615    <hidden>
  -------------------------------------------------------------------
                         slack                              999998.312    <hidden>

Slack (MET) :             999998.312ns  (required time - arrival time)
  Source:                 inputs/reset_pipe_reg[1]/C
                            (rising edge-triggered cell FDPE clocked by trainer_1khz  {rise@0.000ns fall@500000.031ns period=1000000.000ns})
  Destination:            inputs/sw_sync_reg[5]/CLR
                            (recovery check against rising-edge clock trainer_1khz  {rise@0.000ns fall@500000.031ns period=1000000.000ns})
  Path Group:             **async_default**
  Path Type:              Recovery (Max at Slow Process Corner)
  Requirement:            1000000.062ns  (trainer_1khz rise@1000000.062ns - trainer_1khz rise@0.000ns)
  Data Path Delay:        1.020ns  (logic 0.419ns (41.064%)  route 0.601ns (58.936%))
  Logic Levels:           0  
  Clock Path Skew:        -0.022ns (DCD - SCD + CPR)
    Destination Clock Delay (DCD):    5.282ns = ( 1000005.375 - 1000000.062 ) 
    Source Clock Delay      (SCD):    5.594ns
    Clock Pessimism Removal (CPR):    0.290ns
  Clock Uncertainty:      0.035ns  ((TSJ^2 + TIJ^2)^1/2 + DJ) / 2 + PE
    Total System Jitter     (TSJ):    0.071ns
    Total Input Jitter      (TIJ):    0.000ns
    Discrete Jitter          (DJ):    0.000ns
    Phase Error              (PE):    0.000ns

    Location             Delay type                Incr(ns)  Path(ns)    Netlist Resource(s)
  -------------------------------------------------------------------    -------------------
                         (clock trainer_1khz rise edge)
                                                      0.000     0.000 r  <hidden>
    B6                                                0.000     0.000 r  clk
                         net (fo=0)                   0.000     0.000    clk
    B6                   IBUF (Prop_ibuf_I_O)         1.500     1.500 r  clk_IBUF_inst/O
                         net (fo=1, routed)           2.315     3.815    clk_IBUF
    BUFGCTRL_X0Y16       BUFG (Prop_bufg_I_O)         0.096     3.911 r  clk_IBUF_BUFG_inst/O
                         net (fo=26, routed)          1.683     5.594    inputs/CLK
    SLICE_X85Y122        FDPE                                         r  inputs/reset_pipe_reg[1]/C
  -------------------------------------------------------------------    -------------------
    SLICE_X85Y122        FDPE (Prop_fdpe_C_Q)         0.419     6.013 f  inputs/reset_pipe_reg[1]/Q
                         net (fo=24, routed)          0.601     6.615    inputs/reset_pipe[1]
    SLICE_X83Y122        FDCE                                         f  inputs/sw_sync_reg[5]/CLR
  -------------------------------------------------------------------    -------------------

                         (clock trainer_1khz rise edge)
                                                  1000000.062 1000000.062 r  <hidden>
    B6                                                0.000 1000000.062 r  clk
                         net (fo=0)                   0.000 1000000.062    clk
    B6                   IBUF (Prop_ibuf_I_O)         1.429 1000001.500 r  clk_IBUF_inst/O
                         net (fo=1, routed)           2.196 1000003.688    clk_IBUF
    BUFGCTRL_X0Y16       BUFG (Prop_bufg_I_O)         0.091 1000003.750 r  clk_IBUF_BUFG_inst/O
                         net (fo=26, routed)          1.566 1000005.312    inputs/CLK
    SLICE_X83Y122        FDCE                                         r  inputs/sw_sync_reg[5]/C
                         clock pessimism              0.290 1000005.625    <hidden>
                         clock uncertainty           -0.035 1000005.562    <hidden>
    SLICE_X83Y122        FDCE (Recov_fdce_C_CLR)     -0.580 1000005.000    inputs/sw_sync_reg[5]
  -------------------------------------------------------------------
                         required time                      1000004.938    <hidden>
                         arrival time                          -6.615    <hidden>
  -------------------------------------------------------------------
                         slack                              999998.312    <hidden>

Slack (MET) :             999998.312ns  (required time - arrival time)
  Source:                 inputs/reset_pipe_reg[1]/C
                            (rising edge-triggered cell FDPE clocked by trainer_1khz  {rise@0.000ns fall@500000.031ns period=1000000.000ns})
  Destination:            inputs/sw_sync_reg[6]/CLR
                            (recovery check against rising-edge clock trainer_1khz  {rise@0.000ns fall@500000.031ns period=1000000.000ns})
  Path Group:             **async_default**
  Path Type:              Recovery (Max at Slow Process Corner)
  Requirement:            1000000.062ns  (trainer_1khz rise@1000000.062ns - trainer_1khz rise@0.000ns)
  Data Path Delay:        1.020ns  (logic 0.419ns (41.064%)  route 0.601ns (58.936%))
  Logic Levels:           0  
  Clock Path Skew:        -0.022ns (DCD - SCD + CPR)
    Destination Clock Delay (DCD):    5.282ns = ( 1000005.375 - 1000000.062 ) 
    Source Clock Delay      (SCD):    5.594ns
    Clock Pessimism Removal (CPR):    0.290ns
  Clock Uncertainty:      0.035ns  ((TSJ^2 + TIJ^2)^1/2 + DJ) / 2 + PE
    Total System Jitter     (TSJ):    0.071ns
    Total Input Jitter      (TIJ):    0.000ns
    Discrete Jitter          (DJ):    0.000ns
    Phase Error              (PE):    0.000ns

    Location             Delay type                Incr(ns)  Path(ns)    Netlist Resource(s)
  -------------------------------------------------------------------    -------------------
                         (clock trainer_1khz rise edge)
                                                      0.000     0.000 r  <hidden>
    B6                                                0.000     0.000 r  clk
                         net (fo=0)                   0.000     0.000    clk
    B6                   IBUF (Prop_ibuf_I_O)         1.500     1.500 r  clk_IBUF_inst/O
                         net (fo=1, routed)           2.315     3.815    clk_IBUF
    BUFGCTRL_X0Y16       BUFG (Prop_bufg_I_O)         0.096     3.911 r  clk_IBUF_BUFG_inst/O
                         net (fo=26, routed)          1.683     5.594    inputs/CLK
    SLICE_X85Y122        FDPE                                         r  inputs/reset_pipe_reg[1]/C
  -------------------------------------------------------------------    -------------------
    SLICE_X85Y122        FDPE (Prop_fdpe_C_Q)         0.419     6.013 f  inputs/reset_pipe_reg[1]/Q
                         net (fo=24, routed)          0.601     6.615    inputs/reset_pipe[1]
    SLICE_X83Y122        FDCE                                         f  inputs/sw_sync_reg[6]/CLR
  -------------------------------------------------------------------    -------------------

                         (clock trainer_1khz rise edge)
                                                  1000000.062 1000000.062 r  <hidden>
    B6                                                0.000 1000000.062 r  clk
                         net (fo=0)                   0.000 1000000.062    clk
    B6                   IBUF (Prop_ibuf_I_O)         1.429 1000001.500 r  clk_IBUF_inst/O
                         net (fo=1, routed)           2.196 1000003.688    clk_IBUF
    BUFGCTRL_X0Y16       BUFG (Prop_bufg_I_O)         0.091 1000003.750 r  clk_IBUF_BUFG_inst/O
                         net (fo=26, routed)          1.566 1000005.312    inputs/CLK
    SLICE_X83Y122        FDCE                                         r  inputs/sw_sync_reg[6]/C
                         clock pessimism              0.290 1000005.625    <hidden>
                         clock uncertainty           -0.035 1000005.562    <hidden>
    SLICE_X83Y122        FDCE (Recov_fdce_C_CLR)     -0.580 1000005.000    inputs/sw_sync_reg[6]
  -------------------------------------------------------------------
                         required time                      1000004.938    <hidden>
                         arrival time                          -6.615    <hidden>
  -------------------------------------------------------------------
                         slack                              999998.312    <hidden>

Slack (MET) :             999998.438ns  (required time - arrival time)
  Source:                 inputs/reset_pipe_reg[1]/C
                            (rising edge-triggered cell FDPE clocked by trainer_1khz  {rise@0.000ns fall@500000.031ns period=1000000.000ns})
  Destination:            inputs/button_meta_reg/CLR
                            (recovery check against rising-edge clock trainer_1khz  {rise@0.000ns fall@500000.031ns period=1000000.000ns})
  Path Group:             **async_default**
  Path Type:              Recovery (Max at Slow Process Corner)
  Requirement:            1000000.062ns  (trainer_1khz rise@1000000.062ns - trainer_1khz rise@0.000ns)
  Data Path Delay:        1.015ns  (logic 0.419ns (41.287%)  route 0.596ns (58.713%))
  Logic Levels:           0  
  Clock Path Skew:        -0.016ns (DCD - SCD + CPR)
    Destination Clock Delay (DCD):    5.288ns = ( 1000005.375 - 1000000.062 ) 
    Source Clock Delay      (SCD):    5.594ns
    Clock Pessimism Removal (CPR):    0.290ns
  Clock Uncertainty:      0.035ns  ((TSJ^2 + TIJ^2)^1/2 + DJ) / 2 + PE
    Total System Jitter     (TSJ):    0.071ns
    Total Input Jitter      (TIJ):    0.000ns
    Discrete Jitter          (DJ):    0.000ns
    Phase Error              (PE):    0.000ns

    Location             Delay type                Incr(ns)  Path(ns)    Netlist Resource(s)
  -------------------------------------------------------------------    -------------------
                         (clock trainer_1khz rise edge)
                                                      0.000     0.000 r  <hidden>
    B6                                                0.000     0.000 r  clk
                         net (fo=0)                   0.000     0.000    clk
    B6                   IBUF (Prop_ibuf_I_O)         1.500     1.500 r  clk_IBUF_inst/O
                         net (fo=1, routed)           2.315     3.815    clk_IBUF
    BUFGCTRL_X0Y16       BUFG (Prop_bufg_I_O)         0.096     3.911 r  clk_IBUF_BUFG_inst/O
                         net (fo=26, routed)          1.683     5.594    inputs/CLK
    SLICE_X85Y122        FDPE                                         r  inputs/reset_pipe_reg[1]/C
  -------------------------------------------------------------------    -------------------
    SLICE_X85Y122        FDPE (Prop_fdpe_C_Q)         0.419     6.013 f  inputs/reset_pipe_reg[1]/Q
                         net (fo=24, routed)          0.596     6.609    inputs/reset_pipe[1]
    SLICE_X84Y117        FDCE                                         f  inputs/button_meta_reg/CLR
  -------------------------------------------------------------------    -------------------

                         (clock trainer_1khz rise edge)
                                                  1000000.062 1000000.062 r  <hidden>
    B6                                                0.000 1000000.062 r  clk
                         net (fo=0)                   0.000 1000000.062    clk
    B6                   IBUF (Prop_ibuf_I_O)         1.429 1000001.500 r  clk_IBUF_inst/O
                         net (fo=1, routed)           2.196 1000003.688    clk_IBUF
    BUFGCTRL_X0Y16       BUFG (Prop_bufg_I_O)         0.091 1000003.750 r  clk_IBUF_BUFG_inst/O
                         net (fo=26, routed)          1.572 1000005.312    inputs/CLK
    SLICE_X84Y117        FDCE                                         r  inputs/button_meta_reg/C
                         clock pessimism              0.290 1000005.625    <hidden>
                         clock uncertainty           -0.035 1000005.562    <hidden>
    SLICE_X84Y117        FDCE (Recov_fdce_C_CLR)     -0.494 1000005.062    inputs/button_meta_reg
  -------------------------------------------------------------------
                         required time                      1000005.062    <hidden>
                         arrival time                          -6.609    <hidden>
  -------------------------------------------------------------------
                         slack                              999998.438    <hidden>

Slack (MET) :             999998.438ns  (required time - arrival time)
  Source:                 inputs/reset_pipe_reg[1]/C
                            (rising edge-triggered cell FDPE clocked by trainer_1khz  {rise@0.000ns fall@500000.031ns period=1000000.000ns})
  Destination:            inputs/count_reg[1]/CLR
                            (recovery check against rising-edge clock trainer_1khz  {rise@0.000ns fall@500000.031ns period=1000000.000ns})
  Path Group:             **async_default**
  Path Type:              Recovery (Max at Slow Process Corner)
  Requirement:            1000000.062ns  (trainer_1khz rise@1000000.062ns - trainer_1khz rise@0.000ns)
  Data Path Delay:        1.021ns  (logic 0.419ns (41.042%)  route 0.602ns (58.958%))
  Logic Levels:           0  
  Clock Path Skew:        -0.019ns (DCD - SCD + CPR)
    Destination Clock Delay (DCD):    5.285ns = ( 1000005.375 - 1000000.062 ) 
    Source Clock Delay      (SCD):    5.594ns
    Clock Pessimism Removal (CPR):    0.290ns
  Clock Uncertainty:      0.035ns  ((TSJ^2 + TIJ^2)^1/2 + DJ) / 2 + PE
    Total System Jitter     (TSJ):    0.071ns
    Total Input Jitter      (TIJ):    0.000ns
    Discrete Jitter          (DJ):    0.000ns
    Phase Error              (PE):    0.000ns

    Location             Delay type                Incr(ns)  Path(ns)    Netlist Resource(s)
  -------------------------------------------------------------------    -------------------
                         (clock trainer_1khz rise edge)
                                                      0.000     0.000 r  <hidden>
    B6                                                0.000     0.000 r  clk
                         net (fo=0)                   0.000     0.000    clk
    B6                   IBUF (Prop_ibuf_I_O)         1.500     1.500 r  clk_IBUF_inst/O
                         net (fo=1, routed)           2.315     3.815    clk_IBUF
    BUFGCTRL_X0Y16       BUFG (Prop_bufg_I_O)         0.096     3.911 r  clk_IBUF_BUFG_inst/O
                         net (fo=26, routed)          1.683     5.594    inputs/CLK
    SLICE_X85Y122        FDPE                                         r  inputs/reset_pipe_reg[1]/C
  -------------------------------------------------------------------    -------------------
    SLICE_X85Y122        FDPE (Prop_fdpe_C_Q)         0.419     6.013 f  inputs/reset_pipe_reg[1]/Q
                         net (fo=24, routed)          0.602     6.615    inputs/reset_pipe[1]
    SLICE_X84Y120        FDCE                                         f  inputs/count_reg[1]/CLR
  -------------------------------------------------------------------    -------------------

                         (clock trainer_1khz rise edge)
                                                  1000000.062 1000000.062 r  <hidden>
    B6                                                0.000 1000000.062 r  clk
                         net (fo=0)                   0.000 1000000.062    clk
    B6                   IBUF (Prop_ibuf_I_O)         1.429 1000001.500 r  clk_IBUF_inst/O
                         net (fo=1, routed)           2.196 1000003.688    clk_IBUF
    BUFGCTRL_X0Y16       BUFG (Prop_bufg_I_O)         0.091 1000003.750 r  clk_IBUF_BUFG_inst/O
                         net (fo=26, routed)          1.569 1000005.312    inputs/CLK
    SLICE_X84Y120        FDCE                                         r  inputs/count_reg[1]/C
                         clock pessimism              0.290 1000005.625    <hidden>
                         clock uncertainty           -0.035 1000005.562    <hidden>
    SLICE_X84Y120        FDCE (Recov_fdce_C_CLR)     -0.494 1000005.062    inputs/count_reg[1]
  -------------------------------------------------------------------
                         required time                      1000005.062    <hidden>
                         arrival time                          -6.615    <hidden>
  -------------------------------------------------------------------
                         slack                              999998.438    <hidden>





Min Delay Paths
--------------------------------------------------------------------------------------
Slack (MET) :             0.440ns  (arrival time - required time)
  Source:                 inputs/reset_pipe_reg[1]/C
                            (rising edge-triggered cell FDPE clocked by trainer_1khz  {rise@0.000ns fall@500000.031ns period=1000000.000ns})
  Destination:            inputs/sw_meta_reg[0]/CLR
                            (removal check against rising-edge clock trainer_1khz  {rise@0.000ns fall@500000.031ns period=1000000.000ns})
  Path Group:             **async_default**
  Path Type:              Removal (Min at Fast Process Corner)
  Requirement:            0.000ns  (trainer_1khz rise@0.000ns - trainer_1khz rise@0.000ns)
  Data Path Delay:        0.305ns  (logic 0.128ns (41.997%)  route 0.177ns (58.003%))
  Logic Levels:           0  
  Clock Path Skew:        0.011ns (DCD - SCD - CPR)
    Destination Clock Delay (DCD):    2.207ns
    Source Clock Delay      (SCD):    1.686ns
    Clock Pessimism Removal (CPR):    0.510ns

    Location             Delay type                Incr(ns)  Path(ns)    Netlist Resource(s)
  -------------------------------------------------------------------    -------------------
                         (clock trainer_1khz rise edge)
                                                      0.000     0.000 r  <hidden>
    B6                                                0.000     0.000 r  clk
                         net (fo=0)                   0.000     0.000    clk
    B6                   IBUF (Prop_ibuf_I_O)         0.268     0.268 r  clk_IBUF_inst/O
                         net (fo=1, routed)           0.808     1.075    clk_IBUF
    BUFGCTRL_X0Y16       BUFG (Prop_bufg_I_O)         0.026     1.101 r  clk_IBUF_BUFG_inst/O
                         net (fo=26, routed)          0.585     1.686    inputs/CLK
    SLICE_X85Y122        FDPE                                         r  inputs/reset_pipe_reg[1]/C
  -------------------------------------------------------------------    -------------------
    SLICE_X85Y122        FDPE (Prop_fdpe_C_Q)         0.128     1.814 f  inputs/reset_pipe_reg[1]/Q
                         net (fo=24, routed)          0.177     1.991    inputs/reset_pipe[1]
    SLICE_X85Y123        FDCE                                         f  inputs/sw_meta_reg[0]/CLR
  -------------------------------------------------------------------    -------------------

                         (clock trainer_1khz rise edge)
                                                      0.000     0.000 r  <hidden>
    B6                                                0.000     0.000 r  clk
                         net (fo=0)                   0.000     0.000    clk
    B6                   IBUF (Prop_ibuf_I_O)         0.456     0.456 r  clk_IBUF_inst/O
                         net (fo=1, routed)           0.871     1.327    clk_IBUF
    BUFGCTRL_X0Y16       BUFG (Prop_bufg_I_O)         0.029     1.356 r  clk_IBUF_BUFG_inst/O
                         net (fo=26, routed)          0.851     2.207    inputs/CLK
    SLICE_X85Y123        FDCE                                         r  inputs/sw_meta_reg[0]/C
                         clock pessimism             -0.510     1.697    <hidden>
    SLICE_X85Y123        FDCE (Remov_fdce_C_CLR)     -0.146     1.551    inputs/sw_meta_reg[0]
  -------------------------------------------------------------------
                         required time                         -1.551    <hidden>
                         arrival time                           1.991    <hidden>
  -------------------------------------------------------------------
                         slack                                  0.440    <hidden>

Slack (MET) :             0.440ns  (arrival time - required time)
  Source:                 inputs/reset_pipe_reg[1]/C
                            (rising edge-triggered cell FDPE clocked by trainer_1khz  {rise@0.000ns fall@500000.031ns period=1000000.000ns})
  Destination:            inputs/sw_meta_reg[7]/CLR
                            (removal check against rising-edge clock trainer_1khz  {rise@0.000ns fall@500000.031ns period=1000000.000ns})
  Path Group:             **async_default**
  Path Type:              Removal (Min at Fast Process Corner)
  Requirement:            0.000ns  (trainer_1khz rise@0.000ns - trainer_1khz rise@0.000ns)
  Data Path Delay:        0.305ns  (logic 0.128ns (41.997%)  route 0.177ns (58.003%))
  Logic Levels:           0  
  Clock Path Skew:        0.011ns (DCD - SCD - CPR)
    Destination Clock Delay (DCD):    2.207ns
    Source Clock Delay      (SCD):    1.686ns
    Clock Pessimism Removal (CPR):    0.510ns

    Location             Delay type                Incr(ns)  Path(ns)    Netlist Resource(s)
  -------------------------------------------------------------------    -------------------
                         (clock trainer_1khz rise edge)
                                                      0.000     0.000 r  <hidden>
    B6                                                0.000     0.000 r  clk
                         net (fo=0)                   0.000     0.000    clk
    B6                   IBUF (Prop_ibuf_I_O)         0.268     0.268 r  clk_IBUF_inst/O
                         net (fo=1, routed)           0.808     1.075    clk_IBUF
    BUFGCTRL_X0Y16       BUFG (Prop_bufg_I_O)         0.026     1.101 r  clk_IBUF_BUFG_inst/O
                         net (fo=26, routed)          0.585     1.686    inputs/CLK
    SLICE_X85Y122        FDPE                                         r  inputs/reset_pipe_reg[1]/C
  -------------------------------------------------------------------    -------------------
    SLICE_X85Y122        FDPE (Prop_fdpe_C_Q)         0.128     1.814 f  inputs/reset_pipe_reg[1]/Q
                         net (fo=24, routed)          0.177     1.991    inputs/reset_pipe[1]
    SLICE_X85Y123        FDCE                                         f  inputs/sw_meta_reg[7]/CLR
  -------------------------------------------------------------------    -------------------

                         (clock trainer_1khz rise edge)
                                                      0.000     0.000 r  <hidden>
    B6                                                0.000     0.000 r  clk
                         net (fo=0)                   0.000     0.000    clk
    B6                   IBUF (Prop_ibuf_I_O)         0.456     0.456 r  clk_IBUF_inst/O
                         net (fo=1, routed)           0.871     1.327    clk_IBUF
    BUFGCTRL_X0Y16       BUFG (Prop_bufg_I_O)         0.029     1.356 r  clk_IBUF_BUFG_inst/O
                         net (fo=26, routed)          0.851     2.207    inputs/CLK
    SLICE_X85Y123        FDCE                                         r  inputs/sw_meta_reg[7]/C
                         clock pessimism             -0.510     1.697    <hidden>
    SLICE_X85Y123        FDCE (Remov_fdce_C_CLR)     -0.146     1.551    inputs/sw_meta_reg[7]
  -------------------------------------------------------------------
                         required time                         -1.551    <hidden>
                         arrival time                           1.991    <hidden>
  -------------------------------------------------------------------
                         slack                                  0.440    <hidden>

Slack (MET) :             0.440ns  (arrival time - required time)
  Source:                 inputs/reset_pipe_reg[1]/C
                            (rising edge-triggered cell FDPE clocked by trainer_1khz  {rise@0.000ns fall@500000.031ns period=1000000.000ns})
  Destination:            inputs/sw_sync_reg[0]/CLR
                            (removal check against rising-edge clock trainer_1khz  {rise@0.000ns fall@500000.031ns period=1000000.000ns})
  Path Group:             **async_default**
  Path Type:              Removal (Min at Fast Process Corner)
  Requirement:            0.000ns  (trainer_1khz rise@0.000ns - trainer_1khz rise@0.000ns)
  Data Path Delay:        0.305ns  (logic 0.128ns (41.997%)  route 0.177ns (58.003%))
  Logic Levels:           0  
  Clock Path Skew:        0.011ns (DCD - SCD - CPR)
    Destination Clock Delay (DCD):    2.207ns
    Source Clock Delay      (SCD):    1.686ns
    Clock Pessimism Removal (CPR):    0.510ns

    Location             Delay type                Incr(ns)  Path(ns)    Netlist Resource(s)
  -------------------------------------------------------------------    -------------------
                         (clock trainer_1khz rise edge)
                                                      0.000     0.000 r  <hidden>
    B6                                                0.000     0.000 r  clk
                         net (fo=0)                   0.000     0.000    clk
    B6                   IBUF (Prop_ibuf_I_O)         0.268     0.268 r  clk_IBUF_inst/O
                         net (fo=1, routed)           0.808     1.075    clk_IBUF
    BUFGCTRL_X0Y16       BUFG (Prop_bufg_I_O)         0.026     1.101 r  clk_IBUF_BUFG_inst/O
                         net (fo=26, routed)          0.585     1.686    inputs/CLK
    SLICE_X85Y122        FDPE                                         r  inputs/reset_pipe_reg[1]/C
  -------------------------------------------------------------------    -------------------
    SLICE_X85Y122        FDPE (Prop_fdpe_C_Q)         0.128     1.814 f  inputs/reset_pipe_reg[1]/Q
                         net (fo=24, routed)          0.177     1.991    inputs/reset_pipe[1]
    SLICE_X85Y123        FDCE                                         f  inputs/sw_sync_reg[0]/CLR
  -------------------------------------------------------------------    -------------------

                         (clock trainer_1khz rise edge)
                                                      0.000     0.000 r  <hidden>
    B6                                                0.000     0.000 r  clk
                         net (fo=0)                   0.000     0.000    clk
    B6                   IBUF (Prop_ibuf_I_O)         0.456     0.456 r  clk_IBUF_inst/O
                         net (fo=1, routed)           0.871     1.327    clk_IBUF
    BUFGCTRL_X0Y16       BUFG (Prop_bufg_I_O)         0.029     1.356 r  clk_IBUF_BUFG_inst/O
                         net (fo=26, routed)          0.851     2.207    inputs/CLK
    SLICE_X85Y123        FDCE                                         r  inputs/sw_sync_reg[0]/C
                         clock pessimism             -0.510     1.697    <hidden>
    SLICE_X85Y123        FDCE (Remov_fdce_C_CLR)     -0.146     1.551    inputs/sw_sync_reg[0]
  -------------------------------------------------------------------
                         required time                         -1.551    <hidden>
                         arrival time                           1.991    <hidden>
  -------------------------------------------------------------------
                         slack                                  0.440    <hidden>

Slack (MET) :             0.440ns  (arrival time - required time)
  Source:                 inputs/reset_pipe_reg[1]/C
                            (rising edge-triggered cell FDPE clocked by trainer_1khz  {rise@0.000ns fall@500000.031ns period=1000000.000ns})
  Destination:            inputs/sw_sync_reg[7]/CLR
                            (removal check against rising-edge clock trainer_1khz  {rise@0.000ns fall@500000.031ns period=1000000.000ns})
  Path Group:             **async_default**
  Path Type:              Removal (Min at Fast Process Corner)
  Requirement:            0.000ns  (trainer_1khz rise@0.000ns - trainer_1khz rise@0.000ns)
  Data Path Delay:        0.305ns  (logic 0.128ns (41.997%)  route 0.177ns (58.003%))
  Logic Levels:           0  
  Clock Path Skew:        0.011ns (DCD - SCD - CPR)
    Destination Clock Delay (DCD):    2.207ns
    Source Clock Delay      (SCD):    1.686ns
    Clock Pessimism Removal (CPR):    0.510ns

    Location             Delay type                Incr(ns)  Path(ns)    Netlist Resource(s)
  -------------------------------------------------------------------    -------------------
                         (clock trainer_1khz rise edge)
                                                      0.000     0.000 r  <hidden>
    B6                                                0.000     0.000 r  clk
                         net (fo=0)                   0.000     0.000    clk
    B6                   IBUF (Prop_ibuf_I_O)         0.268     0.268 r  clk_IBUF_inst/O
                         net (fo=1, routed)           0.808     1.075    clk_IBUF
    BUFGCTRL_X0Y16       BUFG (Prop_bufg_I_O)         0.026     1.101 r  clk_IBUF_BUFG_inst/O
                         net (fo=26, routed)          0.585     1.686    inputs/CLK
    SLICE_X85Y122        FDPE                                         r  inputs/reset_pipe_reg[1]/C
  -------------------------------------------------------------------    -------------------
    SLICE_X85Y122        FDPE (Prop_fdpe_C_Q)         0.128     1.814 f  inputs/reset_pipe_reg[1]/Q
                         net (fo=24, routed)          0.177     1.991    inputs/reset_pipe[1]
    SLICE_X85Y123        FDCE                                         f  inputs/sw_sync_reg[7]/CLR
  -------------------------------------------------------------------    -------------------

                         (clock trainer_1khz rise edge)
                                                      0.000     0.000 r  <hidden>
    B6                                                0.000     0.000 r  clk
                         net (fo=0)                   0.000     0.000    clk
    B6                   IBUF (Prop_ibuf_I_O)         0.456     0.456 r  clk_IBUF_inst/O
                         net (fo=1, routed)           0.871     1.327    clk_IBUF
    BUFGCTRL_X0Y16       BUFG (Prop_bufg_I_O)         0.029     1.356 r  clk_IBUF_BUFG_inst/O
                         net (fo=26, routed)          0.851     2.207    inputs/CLK
    SLICE_X85Y123        FDCE                                         r  inputs/sw_sync_reg[7]/C
                         clock pessimism             -0.510     1.697    <hidden>
    SLICE_X85Y123        FDCE (Remov_fdce_C_CLR)     -0.146     1.551    inputs/sw_sync_reg[7]
  -------------------------------------------------------------------
                         required time                         -1.551    <hidden>
                         arrival time                           1.991    <hidden>
  -------------------------------------------------------------------
                         slack                                  0.440    <hidden>

Slack (MET) :             0.485ns  (arrival time - required time)
  Source:                 inputs/reset_pipe_reg[1]/C
                            (rising edge-triggered cell FDPE clocked by trainer_1khz  {rise@0.000ns fall@500000.031ns period=1000000.000ns})
  Destination:            inputs/button_meta_reg/CLR
                            (removal check against rising-edge clock trainer_1khz  {rise@0.000ns fall@500000.031ns period=1000000.000ns})
  Path Group:             **async_default**
  Path Type:              Removal (Min at Fast Process Corner)
  Requirement:            0.000ns  (trainer_1khz rise@0.000ns - trainer_1khz rise@0.000ns)
  Data Path Delay:        0.382ns  (logic 0.128ns (33.522%)  route 0.254ns (66.478%))
  Logic Levels:           0  
  Clock Path Skew:        0.018ns (DCD - SCD - CPR)
    Destination Clock Delay (DCD):    2.214ns
    Source Clock Delay      (SCD):    1.686ns
    Clock Pessimism Removal (CPR):    0.510ns

    Location             Delay type                Incr(ns)  Path(ns)    Netlist Resource(s)
  -------------------------------------------------------------------    -------------------
                         (clock trainer_1khz rise edge)
                                                      0.000     0.000 r  <hidden>
    B6                                                0.000     0.000 r  clk
                         net (fo=0)                   0.000     0.000    clk
    B6                   IBUF (Prop_ibuf_I_O)         0.268     0.268 r  clk_IBUF_inst/O
                         net (fo=1, routed)           0.808     1.075    clk_IBUF
    BUFGCTRL_X0Y16       BUFG (Prop_bufg_I_O)         0.026     1.101 r  clk_IBUF_BUFG_inst/O
                         net (fo=26, routed)          0.585     1.686    inputs/CLK
    SLICE_X85Y122        FDPE                                         r  inputs/reset_pipe_reg[1]/C
  -------------------------------------------------------------------    -------------------
    SLICE_X85Y122        FDPE (Prop_fdpe_C_Q)         0.128     1.814 f  inputs/reset_pipe_reg[1]/Q
                         net (fo=24, routed)          0.254     2.068    inputs/reset_pipe[1]
    SLICE_X84Y117        FDCE                                         f  inputs/button_meta_reg/CLR
  -------------------------------------------------------------------    -------------------

                         (clock trainer_1khz rise edge)
                                                      0.000     0.000 r  <hidden>
    B6                                                0.000     0.000 r  clk
                         net (fo=0)                   0.000     0.000    clk
    B6                   IBUF (Prop_ibuf_I_O)         0.456     0.456 r  clk_IBUF_inst/O
                         net (fo=1, routed)           0.871     1.327    clk_IBUF
    BUFGCTRL_X0Y16       BUFG (Prop_bufg_I_O)         0.029     1.356 r  clk_IBUF_BUFG_inst/O
                         net (fo=26, routed)          0.859     2.214    inputs/CLK
    SLICE_X84Y117        FDCE                                         r  inputs/button_meta_reg/C
                         clock pessimism             -0.510     1.704    <hidden>
    SLICE_X84Y117        FDCE (Remov_fdce_C_CLR)     -0.121     1.583    inputs/button_meta_reg
  -------------------------------------------------------------------
                         required time                         -1.583    <hidden>
                         arrival time                           2.068    <hidden>
  -------------------------------------------------------------------
                         slack                                  0.485    <hidden>

Slack (MET) :             0.485ns  (arrival time - required time)
  Source:                 inputs/reset_pipe_reg[1]/C
                            (rising edge-triggered cell FDPE clocked by trainer_1khz  {rise@0.000ns fall@500000.031ns period=1000000.000ns})
  Destination:            inputs/button_sync_reg/CLR
                            (removal check against rising-edge clock trainer_1khz  {rise@0.000ns fall@500000.031ns period=1000000.000ns})
  Path Group:             **async_default**
  Path Type:              Removal (Min at Fast Process Corner)
  Requirement:            0.000ns  (trainer_1khz rise@0.000ns - trainer_1khz rise@0.000ns)
  Data Path Delay:        0.382ns  (logic 0.128ns (33.522%)  route 0.254ns (66.478%))
  Logic Levels:           0  
  Clock Path Skew:        0.018ns (DCD - SCD - CPR)
    Destination Clock Delay (DCD):    2.214ns
    Source Clock Delay      (SCD):    1.686ns
    Clock Pessimism Removal (CPR):    0.510ns

    Location             Delay type                Incr(ns)  Path(ns)    Netlist Resource(s)
  -------------------------------------------------------------------    -------------------
                         (clock trainer_1khz rise edge)
                                                      0.000     0.000 r  <hidden>
    B6                                                0.000     0.000 r  clk
                         net (fo=0)                   0.000     0.000    clk
    B6                   IBUF (Prop_ibuf_I_O)         0.268     0.268 r  clk_IBUF_inst/O
                         net (fo=1, routed)           0.808     1.075    clk_IBUF
    BUFGCTRL_X0Y16       BUFG (Prop_bufg_I_O)         0.026     1.101 r  clk_IBUF_BUFG_inst/O
                         net (fo=26, routed)          0.585     1.686    inputs/CLK
    SLICE_X85Y122        FDPE                                         r  inputs/reset_pipe_reg[1]/C
  -------------------------------------------------------------------    -------------------
    SLICE_X85Y122        FDPE (Prop_fdpe_C_Q)         0.128     1.814 f  inputs/reset_pipe_reg[1]/Q
                         net (fo=24, routed)          0.254     2.068    inputs/reset_pipe[1]
    SLICE_X84Y117        FDCE                                         f  inputs/button_sync_reg/CLR
  -------------------------------------------------------------------    -------------------

                         (clock trainer_1khz rise edge)
                                                      0.000     0.000 r  <hidden>
    B6                                                0.000     0.000 r  clk
                         net (fo=0)                   0.000     0.000    clk
    B6                   IBUF (Prop_ibuf_I_O)         0.456     0.456 r  clk_IBUF_inst/O
                         net (fo=1, routed)           0.871     1.327    clk_IBUF
    BUFGCTRL_X0Y16       BUFG (Prop_bufg_I_O)         0.029     1.356 r  clk_IBUF_BUFG_inst/O
                         net (fo=26, routed)          0.859     2.214    inputs/CLK
    SLICE_X84Y117        FDCE                                         r  inputs/button_sync_reg/C
                         clock pessimism             -0.510     1.704    <hidden>
    SLICE_X84Y117        FDCE (Remov_fdce_C_CLR)     -0.121     1.583    inputs/button_sync_reg
  -------------------------------------------------------------------
                         required time                         -1.583    <hidden>
                         arrival time                           2.068    <hidden>
  -------------------------------------------------------------------
                         slack                                  0.485    <hidden>

Slack (MET) :             0.486ns  (arrival time - required time)
  Source:                 inputs/reset_pipe_reg[1]/C
                            (rising edge-triggered cell FDPE clocked by trainer_1khz  {rise@0.000ns fall@500000.031ns period=1000000.000ns})
  Destination:            inputs/count_reg[1]/CLR
                            (removal check against rising-edge clock trainer_1khz  {rise@0.000ns fall@500000.031ns period=1000000.000ns})
  Path Group:             **async_default**
  Path Type:              Removal (Min at Fast Process Corner)
  Requirement:            0.000ns  (trainer_1khz rise@0.000ns - trainer_1khz rise@0.000ns)
  Data Path Delay:        0.380ns  (logic 0.128ns (33.692%)  route 0.252ns (66.308%))
  Logic Levels:           0  
  Clock Path Skew:        0.015ns (DCD - SCD - CPR)
    Destination Clock Delay (DCD):    2.211ns
    Source Clock Delay      (SCD):    1.686ns
    Clock Pessimism Removal (CPR):    0.510ns

    Location             Delay type                Incr(ns)  Path(ns)    Netlist Resource(s)
  -------------------------------------------------------------------    -------------------
                         (clock trainer_1khz rise edge)
                                                      0.000     0.000 r  <hidden>
    B6                                                0.000     0.000 r  clk
                         net (fo=0)                   0.000     0.000    clk
    B6                   IBUF (Prop_ibuf_I_O)         0.268     0.268 r  clk_IBUF_inst/O
                         net (fo=1, routed)           0.808     1.075    clk_IBUF
    BUFGCTRL_X0Y16       BUFG (Prop_bufg_I_O)         0.026     1.101 r  clk_IBUF_BUFG_inst/O
                         net (fo=26, routed)          0.585     1.686    inputs/CLK
    SLICE_X85Y122        FDPE                                         r  inputs/reset_pipe_reg[1]/C
  -------------------------------------------------------------------    -------------------
    SLICE_X85Y122        FDPE (Prop_fdpe_C_Q)         0.128     1.814 f  inputs/reset_pipe_reg[1]/Q
                         net (fo=24, routed)          0.252     2.066    inputs/reset_pipe[1]
    SLICE_X84Y120        FDCE                                         f  inputs/count_reg[1]/CLR
  -------------------------------------------------------------------    -------------------

                         (clock trainer_1khz rise edge)
                                                      0.000     0.000 r  <hidden>
    B6                                                0.000     0.000 r  clk
                         net (fo=0)                   0.000     0.000    clk
    B6                   IBUF (Prop_ibuf_I_O)         0.456     0.456 r  clk_IBUF_inst/O
                         net (fo=1, routed)           0.871     1.327    clk_IBUF
    BUFGCTRL_X0Y16       BUFG (Prop_bufg_I_O)         0.029     1.356 r  clk_IBUF_BUFG_inst/O
                         net (fo=26, routed)          0.855     2.211    inputs/CLK
    SLICE_X84Y120        FDCE                                         r  inputs/count_reg[1]/C
                         clock pessimism             -0.510     1.701    <hidden>
    SLICE_X84Y120        FDCE (Remov_fdce_C_CLR)     -0.121     1.580    inputs/count_reg[1]
  -------------------------------------------------------------------
                         required time                         -1.580    <hidden>
                         arrival time                           2.066    <hidden>
  -------------------------------------------------------------------
                         slack                                  0.486    <hidden>

Slack (MET) :             0.486ns  (arrival time - required time)
  Source:                 inputs/reset_pipe_reg[1]/C
                            (rising edge-triggered cell FDPE clocked by trainer_1khz  {rise@0.000ns fall@500000.031ns period=1000000.000ns})
  Destination:            inputs/count_reg[2]/CLR
                            (removal check against rising-edge clock trainer_1khz  {rise@0.000ns fall@500000.031ns period=1000000.000ns})
  Path Group:             **async_default**
  Path Type:              Removal (Min at Fast Process Corner)
  Requirement:            0.000ns  (trainer_1khz rise@0.000ns - trainer_1khz rise@0.000ns)
  Data Path Delay:        0.380ns  (logic 0.128ns (33.692%)  route 0.252ns (66.308%))
  Logic Levels:           0  
  Clock Path Skew:        0.015ns (DCD - SCD - CPR)
    Destination Clock Delay (DCD):    2.211ns
    Source Clock Delay      (SCD):    1.686ns
    Clock Pessimism Removal (CPR):    0.510ns

    Location             Delay type                Incr(ns)  Path(ns)    Netlist Resource(s)
  -------------------------------------------------------------------    -------------------
                         (clock trainer_1khz rise edge)
                                                      0.000     0.000 r  <hidden>
    B6                                                0.000     0.000 r  clk
                         net (fo=0)                   0.000     0.000    clk
    B6                   IBUF (Prop_ibuf_I_O)         0.268     0.268 r  clk_IBUF_inst/O
                         net (fo=1, routed)           0.808     1.075    clk_IBUF
    BUFGCTRL_X0Y16       BUFG (Prop_bufg_I_O)         0.026     1.101 r  clk_IBUF_BUFG_inst/O
                         net (fo=26, routed)          0.585     1.686    inputs/CLK
    SLICE_X85Y122        FDPE                                         r  inputs/reset_pipe_reg[1]/C
  -------------------------------------------------------------------    -------------------
    SLICE_X85Y122        FDPE (Prop_fdpe_C_Q)         0.128     1.814 f  inputs/reset_pipe_reg[1]/Q
                         net (fo=24, routed)          0.252     2.066    inputs/reset_pipe[1]
    SLICE_X84Y120        FDCE                                         f  inputs/count_reg[2]/CLR
  -------------------------------------------------------------------    -------------------

                         (clock trainer_1khz rise edge)
                                                      0.000     0.000 r  <hidden>
    B6                                                0.000     0.000 r  clk
                         net (fo=0)                   0.000     0.000    clk
    B6                   IBUF (Prop_ibuf_I_O)         0.456     0.456 r  clk_IBUF_inst/O
                         net (fo=1, routed)           0.871     1.327    clk_IBUF
    BUFGCTRL_X0Y16       BUFG (Prop_bufg_I_O)         0.029     1.356 r  clk_IBUF_BUFG_inst/O
                         net (fo=26, routed)          0.855     2.211    inputs/CLK
    SLICE_X84Y120        FDCE                                         r  inputs/count_reg[2]/C
                         clock pessimism             -0.510     1.701    <hidden>
    SLICE_X84Y120        FDCE (Remov_fdce_C_CLR)     -0.121     1.580    inputs/count_reg[2]
  -------------------------------------------------------------------
                         required time                         -1.580    <hidden>
                         arrival time                           2.066    <hidden>
  -------------------------------------------------------------------
                         slack                                  0.486    <hidden>

Slack (MET) :             0.486ns  (arrival time - required time)
  Source:                 inputs/reset_pipe_reg[1]/C
                            (rising edge-triggered cell FDPE clocked by trainer_1khz  {rise@0.000ns fall@500000.031ns period=1000000.000ns})
  Destination:            inputs/count_reg[3]/CLR
                            (removal check against rising-edge clock trainer_1khz  {rise@0.000ns fall@500000.031ns period=1000000.000ns})
  Path Group:             **async_default**
  Path Type:              Removal (Min at Fast Process Corner)
  Requirement:            0.000ns  (trainer_1khz rise@0.000ns - trainer_1khz rise@0.000ns)
  Data Path Delay:        0.380ns  (logic 0.128ns (33.692%)  route 0.252ns (66.308%))
  Logic Levels:           0  
  Clock Path Skew:        0.015ns (DCD - SCD - CPR)
    Destination Clock Delay (DCD):    2.211ns
    Source Clock Delay      (SCD):    1.686ns
    Clock Pessimism Removal (CPR):    0.510ns

    Location             Delay type                Incr(ns)  Path(ns)    Netlist Resource(s)
  -------------------------------------------------------------------    -------------------
                         (clock trainer_1khz rise edge)
                                                      0.000     0.000 r  <hidden>
    B6                                                0.000     0.000 r  clk
                         net (fo=0)                   0.000     0.000    clk
    B6                   IBUF (Prop_ibuf_I_O)         0.268     0.268 r  clk_IBUF_inst/O
                         net (fo=1, routed)           0.808     1.075    clk_IBUF
    BUFGCTRL_X0Y16       BUFG (Prop_bufg_I_O)         0.026     1.101 r  clk_IBUF_BUFG_inst/O
                         net (fo=26, routed)          0.585     1.686    inputs/CLK
    SLICE_X85Y122        FDPE                                         r  inputs/reset_pipe_reg[1]/C
  -------------------------------------------------------------------    -------------------
    SLICE_X85Y122        FDPE (Prop_fdpe_C_Q)         0.128     1.814 f  inputs/reset_pipe_reg[1]/Q
                         net (fo=24, routed)          0.252     2.066    inputs/reset_pipe[1]
    SLICE_X84Y120        FDCE                                         f  inputs/count_reg[3]/CLR
  -------------------------------------------------------------------    -------------------

                         (clock trainer_1khz rise edge)
                                                      0.000     0.000 r  <hidden>
    B6                                                0.000     0.000 r  clk
                         net (fo=0)                   0.000     0.000    clk
    B6                   IBUF (Prop_ibuf_I_O)         0.456     0.456 r  clk_IBUF_inst/O
                         net (fo=1, routed)           0.871     1.327    clk_IBUF
    BUFGCTRL_X0Y16       BUFG (Prop_bufg_I_O)         0.029     1.356 r  clk_IBUF_BUFG_inst/O
                         net (fo=26, routed)          0.855     2.211    inputs/CLK
    SLICE_X84Y120        FDCE                                         r  inputs/count_reg[3]/C
                         clock pessimism             -0.510     1.701    <hidden>
    SLICE_X84Y120        FDCE (Remov_fdce_C_CLR)     -0.121     1.580    inputs/count_reg[3]
  -------------------------------------------------------------------
                         required time                         -1.580    <hidden>
                         arrival time                           2.066    <hidden>
  -------------------------------------------------------------------
                         slack                                  0.486    <hidden>

Slack (MET) :             0.490ns  (arrival time - required time)
  Source:                 inputs/reset_pipe_reg[1]/C
                            (rising edge-triggered cell FDPE clocked by trainer_1khz  {rise@0.000ns fall@500000.031ns period=1000000.000ns})
  Destination:            inputs/accepted_reg/CLR
                            (removal check against rising-edge clock trainer_1khz  {rise@0.000ns fall@500000.031ns period=1000000.000ns})
  Path Group:             **async_default**
  Path Type:              Removal (Min at Fast Process Corner)
  Requirement:            0.000ns  (trainer_1khz rise@0.000ns - trainer_1khz rise@0.000ns)
  Data Path Delay:        0.383ns  (logic 0.128ns (33.440%)  route 0.255ns (66.560%))
  Logic Levels:           0  
  Clock Path Skew:        0.014ns (DCD - SCD - CPR)
    Destination Clock Delay (DCD):    2.210ns
    Source Clock Delay      (SCD):    1.686ns
    Clock Pessimism Removal (CPR):    0.510ns

    Location             Delay type                Incr(ns)  Path(ns)    Netlist Resource(s)
  -------------------------------------------------------------------    -------------------
                         (clock trainer_1khz rise edge)
                                                      0.000     0.000 r  <hidden>
    B6                                                0.000     0.000 r  clk
                         net (fo=0)                   0.000     0.000    clk
    B6                   IBUF (Prop_ibuf_I_O)         0.268     0.268 r  clk_IBUF_inst/O
                         net (fo=1, routed)           0.808     1.075    clk_IBUF
    BUFGCTRL_X0Y16       BUFG (Prop_bufg_I_O)         0.026     1.101 r  clk_IBUF_BUFG_inst/O
                         net (fo=26, routed)          0.585     1.686    inputs/CLK
    SLICE_X85Y122        FDPE                                         r  inputs/reset_pipe_reg[1]/C
  -------------------------------------------------------------------    -------------------
    SLICE_X85Y122        FDPE (Prop_fdpe_C_Q)         0.128     1.814 f  inputs/reset_pipe_reg[1]/Q
                         net (fo=24, routed)          0.255     2.069    inputs/reset_pipe[1]
    SLICE_X84Y121        FDCE                                         f  inputs/accepted_reg/CLR
  -------------------------------------------------------------------    -------------------

                         (clock trainer_1khz rise edge)
                                                      0.000     0.000 r  <hidden>
    B6                                                0.000     0.000 r  clk
                         net (fo=0)                   0.000     0.000    clk
    B6                   IBUF (Prop_ibuf_I_O)         0.456     0.456 r  clk_IBUF_inst/O
                         net (fo=1, routed)           0.871     1.327    clk_IBUF
    BUFGCTRL_X0Y16       BUFG (Prop_bufg_I_O)         0.029     1.356 r  clk_IBUF_BUFG_inst/O
                         net (fo=26, routed)          0.855     2.210    inputs/CLK
    SLICE_X84Y121        FDCE                                         r  inputs/accepted_reg/C
                         clock pessimism             -0.510     1.700    <hidden>
    SLICE_X84Y121        FDCE (Remov_fdce_C_CLR)     -0.121     1.579    inputs/accepted_reg
  -------------------------------------------------------------------
                         required time                         -1.579    <hidden>
                         arrival time                           2.069    <hidden>
  -------------------------------------------------------------------
                         slack                                  0.490    <hidden>





--------------------------------------------------------------------------------------
Path Group:  (none)
From Clock:  
  To Clock:  trainer_1khz

Max Delay             8 Endpoints
Min Delay             8 Endpoints
--------------------------------------------------------------------------------------


Max Delay Paths
--------------------------------------------------------------------------------------
Slack:                    inf
  Source:                 sw[4]
                            (input port)
  Destination:            inputs/sw_meta_reg[4]/D
                            (rising edge-triggered cell FDCE clocked by trainer_1khz  {rise@0.000ns fall@500000.031ns period=1000000.000ns})
  Path Group:             (none)
  Path Type:              Setup (Max at Slow Process Corner)
  Data Path Delay:        4.030ns  (logic 1.496ns (37.123%)  route 2.534ns (62.877%))
  Logic Levels:           1  (IBUF=1)
  Clock Path Skew:        5.284ns (DCD - SCD + CPR)
    Destination Clock Delay (DCD):    5.284ns
    Source Clock Delay      (SCD):    0.000ns
    Clock Pessimism Removal (CPR):    0.000ns
  Clock Uncertainty:      0.025ns  ((TSJ^2 + TIJ^2)^1/2 + DJ) / 2 + PE
    Total System Jitter     (TSJ):    0.050ns
    Total Input Jitter      (TIJ):    0.000ns
    Discrete Jitter          (DJ):    0.000ns
    Phase Error              (PE):    0.000ns
  Timing Exception:       False Path

    Location             Delay type                Incr(ns)  Path(ns)    Netlist Resource(s)
  -------------------------------------------------------------------    -------------------
    T1                                                0.000     0.000 r  sw[4]
                         net (fo=0)                   0.000     0.000    sw[4]
    T1                   IBUF (Prop_ibuf_I_O)         1.496     1.496 r  sw_IBUF[4]_inst/O
                         net (fo=1, routed)           2.534     4.030    inputs/D[4]
    SLICE_X85Y121        FDCE                                         r  inputs/sw_meta_reg[4]/D
  -------------------------------------------------------------------    -------------------

                         (clock trainer_1khz rise edge)
                                                      0.000     0.000 r  <hidden>
    B6                                                0.000     0.000 r  clk
                         net (fo=0)                   0.000     0.000    clk
    B6                   IBUF (Prop_ibuf_I_O)         1.429     1.429 r  clk_IBUF_inst/O
                         net (fo=1, routed)           2.196     3.625    clk_IBUF
    BUFGCTRL_X0Y16       BUFG (Prop_bufg_I_O)         0.091     3.716 r  clk_IBUF_BUFG_inst/O
                         net (fo=26, routed)          1.568     5.284    inputs/CLK
    SLICE_X85Y121        FDCE                                         r  inputs/sw_meta_reg[4]/C

Slack:                    inf
  Source:                 sw[7]
                            (input port)
  Destination:            inputs/sw_meta_reg[7]/D
                            (rising edge-triggered cell FDCE clocked by trainer_1khz  {rise@0.000ns fall@500000.031ns period=1000000.000ns})
  Path Group:             (none)
  Path Type:              Setup (Max at Slow Process Corner)
  Data Path Delay:        3.840ns  (logic 1.524ns (39.679%)  route 2.317ns (60.321%))
  Logic Levels:           1  (IBUF=1)
  Clock Path Skew:        5.281ns (DCD - SCD + CPR)
    Destination Clock Delay (DCD):    5.281ns
    Source Clock Delay      (SCD):    0.000ns
    Clock Pessimism Removal (CPR):    0.000ns
  Clock Uncertainty:      0.025ns  ((TSJ^2 + TIJ^2)^1/2 + DJ) / 2 + PE
    Total System Jitter     (TSJ):    0.050ns
    Total Input Jitter      (TIJ):    0.000ns
    Discrete Jitter          (DJ):    0.000ns
    Phase Error              (PE):    0.000ns
  Timing Exception:       False Path

    Location             Delay type                Incr(ns)  Path(ns)    Netlist Resource(s)
  -------------------------------------------------------------------    -------------------
    Y1                                                0.000     0.000 r  sw[7]
                         net (fo=0)                   0.000     0.000    sw[7]
    Y1                   IBUF (Prop_ibuf_I_O)         1.524     1.524 r  sw_IBUF[7]_inst/O
                         net (fo=1, routed)           2.317     3.840    inputs/D[7]
    SLICE_X85Y123        FDCE                                         r  inputs/sw_meta_reg[7]/D
  -------------------------------------------------------------------    -------------------

                         (clock trainer_1khz rise edge)
                                                      0.000     0.000 r  <hidden>
    B6                                                0.000     0.000 r  clk
                         net (fo=0)                   0.000     0.000    clk
    B6                   IBUF (Prop_ibuf_I_O)         1.429     1.429 r  clk_IBUF_inst/O
                         net (fo=1, routed)           2.196     3.625    clk_IBUF
    BUFGCTRL_X0Y16       BUFG (Prop_bufg_I_O)         0.091     3.716 r  clk_IBUF_BUFG_inst/O
                         net (fo=26, routed)          1.565     5.281    inputs/CLK
    SLICE_X85Y123        FDCE                                         r  inputs/sw_meta_reg[7]/C

Slack:                    inf
  Source:                 sw[6]
                            (input port)
  Destination:            inputs/sw_meta_reg[6]/D
                            (rising edge-triggered cell FDCE clocked by trainer_1khz  {rise@0.000ns fall@500000.031ns period=1000000.000ns})
  Path Group:             (none)
  Path Type:              Setup (Max at Slow Process Corner)
  Data Path Delay:        3.527ns  (logic 1.514ns (42.934%)  route 2.012ns (57.066%))
  Logic Levels:           1  (IBUF=1)
  Clock Path Skew:        5.282ns (DCD - SCD + CPR)
    Destination Clock Delay (DCD):    5.282ns
    Source Clock Delay      (SCD):    0.000ns
    Clock Pessimism Removal (CPR):    0.000ns
  Clock Uncertainty:      0.025ns  ((TSJ^2 + TIJ^2)^1/2 + DJ) / 2 + PE
    Total System Jitter     (TSJ):    0.050ns
    Total Input Jitter      (TIJ):    0.000ns
    Discrete Jitter          (DJ):    0.000ns
    Phase Error              (PE):    0.000ns
  Timing Exception:       False Path

    Location             Delay type                Incr(ns)  Path(ns)    Netlist Resource(s)
  -------------------------------------------------------------------    -------------------
    W3                                                0.000     0.000 r  sw[6]
                         net (fo=0)                   0.000     0.000    sw[6]
    W3                   IBUF (Prop_ibuf_I_O)         1.514     1.514 r  sw_IBUF[6]_inst/O
                         net (fo=1, routed)           2.012     3.527    inputs/D[6]
    SLICE_X83Y122        FDCE                                         r  inputs/sw_meta_reg[6]/D
  -------------------------------------------------------------------    -------------------

                         (clock trainer_1khz rise edge)
                                                      0.000     0.000 r  <hidden>
    B6                                                0.000     0.000 r  clk
                         net (fo=0)                   0.000     0.000    clk
    B6                   IBUF (Prop_ibuf_I_O)         1.429     1.429 r  clk_IBUF_inst/O
                         net (fo=1, routed)           2.196     3.625    clk_IBUF
    BUFGCTRL_X0Y16       BUFG (Prop_bufg_I_O)         0.091     3.716 r  clk_IBUF_BUFG_inst/O
                         net (fo=26, routed)          1.566     5.282    inputs/CLK
    SLICE_X83Y122        FDCE                                         r  inputs/sw_meta_reg[6]/C

Slack:                    inf
  Source:                 sw[5]
                            (input port)
  Destination:            inputs/sw_meta_reg[5]/D
                            (rising edge-triggered cell FDCE clocked by trainer_1khz  {rise@0.000ns fall@500000.031ns period=1000000.000ns})
  Path Group:             (none)
  Path Type:              Setup (Max at Slow Process Corner)
  Data Path Delay:        3.510ns  (logic 1.503ns (42.822%)  route 2.007ns (57.178%))
  Logic Levels:           1  (IBUF=1)
  Clock Path Skew:        5.282ns (DCD - SCD + CPR)
    Destination Clock Delay (DCD):    5.282ns
    Source Clock Delay      (SCD):    0.000ns
    Clock Pessimism Removal (CPR):    0.000ns
  Clock Uncertainty:      0.025ns  ((TSJ^2 + TIJ^2)^1/2 + DJ) / 2 + PE
    Total System Jitter     (TSJ):    0.050ns
    Total Input Jitter      (TIJ):    0.000ns
    Discrete Jitter          (DJ):    0.000ns
    Phase Error              (PE):    0.000ns
  Timing Exception:       False Path

    Location             Delay type                Incr(ns)  Path(ns)    Netlist Resource(s)
  -------------------------------------------------------------------    -------------------
    U2                                                0.000     0.000 r  sw[5]
                         net (fo=0)                   0.000     0.000    sw[5]
    U2                   IBUF (Prop_ibuf_I_O)         1.503     1.503 r  sw_IBUF[5]_inst/O
                         net (fo=1, routed)           2.007     3.510    inputs/D[5]
    SLICE_X83Y122        FDCE                                         r  inputs/sw_meta_reg[5]/D
  -------------------------------------------------------------------    -------------------

                         (clock trainer_1khz rise edge)
                                                      0.000     0.000 r  <hidden>
    B6                                                0.000     0.000 r  clk
                         net (fo=0)                   0.000     0.000    clk
    B6                   IBUF (Prop_ibuf_I_O)         1.429     1.429 r  clk_IBUF_inst/O
                         net (fo=1, routed)           2.196     3.625    clk_IBUF
    BUFGCTRL_X0Y16       BUFG (Prop_bufg_I_O)         0.091     3.716 r  clk_IBUF_BUFG_inst/O
                         net (fo=26, routed)          1.566     5.282    inputs/CLK
    SLICE_X83Y122        FDCE                                         r  inputs/sw_meta_reg[5]/C

Slack:                    inf
  Source:                 sw[0]
                            (input port)
  Destination:            inputs/sw_meta_reg[0]/D
                            (rising edge-triggered cell FDCE clocked by trainer_1khz  {rise@0.000ns fall@500000.031ns period=1000000.000ns})
  Path Group:             (none)
  Path Type:              Setup (Max at Slow Process Corner)
  Data Path Delay:        3.328ns  (logic 1.491ns (44.816%)  route 1.836ns (55.184%))
  Logic Levels:           1  (IBUF=1)
  Clock Path Skew:        5.281ns (DCD - SCD + CPR)
    Destination Clock Delay (DCD):    5.281ns
    Source Clock Delay      (SCD):    0.000ns
    Clock Pessimism Removal (CPR):    0.000ns
  Clock Uncertainty:      0.025ns  ((TSJ^2 + TIJ^2)^1/2 + DJ) / 2 + PE
    Total System Jitter     (TSJ):    0.050ns
    Total Input Jitter      (TIJ):    0.000ns
    Discrete Jitter          (DJ):    0.000ns
    Phase Error              (PE):    0.000ns
  Timing Exception:       False Path

    Location             Delay type                Incr(ns)  Path(ns)    Netlist Resource(s)
  -------------------------------------------------------------------    -------------------
    U4                                                0.000     0.000 r  sw[0]
                         net (fo=0)                   0.000     0.000    sw[0]
    U4                   IBUF (Prop_ibuf_I_O)         1.491     1.491 r  sw_IBUF[0]_inst/O
                         net (fo=1, routed)           1.836     3.328    inputs/D[0]
    SLICE_X85Y123        FDCE                                         r  inputs/sw_meta_reg[0]/D
  -------------------------------------------------------------------    -------------------

                         (clock trainer_1khz rise edge)
                                                      0.000     0.000 r  <hidden>
    B6                                                0.000     0.000 r  clk
                         net (fo=0)                   0.000     0.000    clk
    B6                   IBUF (Prop_ibuf_I_O)         1.429     1.429 r  clk_IBUF_inst/O
                         net (fo=1, routed)           2.196     3.625    clk_IBUF
    BUFGCTRL_X0Y16       BUFG (Prop_bufg_I_O)         0.091     3.716 r  clk_IBUF_BUFG_inst/O
                         net (fo=26, routed)          1.565     5.281    inputs/CLK
    SLICE_X85Y123        FDCE                                         r  inputs/sw_meta_reg[0]/C

Slack:                    inf
  Source:                 rst
                            (input port)
  Destination:            inputs/reset_pipe_reg[0]/PRE
                            (recovery check against rising-edge clock trainer_1khz  {rise@0.000ns fall@500000.031ns period=1000000.000ns})
  Path Group:             (none)
  Path Type:              Recovery (Max at Slow Process Corner)
  Data Path Delay:        2.740ns  (logic 1.468ns (53.597%)  route 1.271ns (46.403%))
  Logic Levels:           1  (IBUF=1)
  Clock Path Skew:        5.282ns (DCD - SCD + CPR)
    Destination Clock Delay (DCD):    5.282ns
    Source Clock Delay      (SCD):    0.000ns
    Clock Pessimism Removal (CPR):    0.000ns
  Clock Uncertainty:      0.025ns  ((TSJ^2 + TIJ^2)^1/2 + DJ) / 2 + PE
    Total System Jitter     (TSJ):    0.050ns
    Total Input Jitter      (TIJ):    0.000ns
    Discrete Jitter          (DJ):    0.000ns
    Phase Error              (PE):    0.000ns
  Timing Exception:       False Path

    Location             Delay type                Incr(ns)  Path(ns)    Netlist Resource(s)
  -------------------------------------------------------------------    -------------------
    K4                                                0.000     0.000 f  rst
                         net (fo=0)                   0.000     0.000    rst
    K4                   IBUF (Prop_ibuf_I_O)         1.468     1.468 f  rst_IBUF_inst/O
                         net (fo=2, routed)           1.271     2.740    inputs/AS[0]
    SLICE_X85Y122        FDPE                                         f  inputs/reset_pipe_reg[0]/PRE
  -------------------------------------------------------------------    -------------------

                         (clock trainer_1khz rise edge)
                                                      0.000     0.000 r  <hidden>
    B6                                                0.000     0.000 r  clk
                         net (fo=0)                   0.000     0.000    clk
    B6                   IBUF (Prop_ibuf_I_O)         1.429     1.429 r  clk_IBUF_inst/O
                         net (fo=1, routed)           2.196     3.625    clk_IBUF
    BUFGCTRL_X0Y16       BUFG (Prop_bufg_I_O)         0.091     3.716 r  clk_IBUF_BUFG_inst/O
                         net (fo=26, routed)          1.566     5.282    inputs/CLK
    SLICE_X85Y122        FDPE                                         r  inputs/reset_pipe_reg[0]/C

Slack:                    inf
  Source:                 rst
                            (input port)
  Destination:            inputs/reset_pipe_reg[1]/PRE
                            (recovery check against rising-edge clock trainer_1khz  {rise@0.000ns fall@500000.031ns period=1000000.000ns})
  Path Group:             (none)
  Path Type:              Recovery (Max at Slow Process Corner)
  Data Path Delay:        2.740ns  (logic 1.468ns (53.597%)  route 1.271ns (46.403%))
  Logic Levels:           1  (IBUF=1)
  Clock Path Skew:        5.282ns (DCD - SCD + CPR)
    Destination Clock Delay (DCD):    5.282ns
    Source Clock Delay      (SCD):    0.000ns
    Clock Pessimism Removal (CPR):    0.000ns
  Clock Uncertainty:      0.025ns  ((TSJ^2 + TIJ^2)^1/2 + DJ) / 2 + PE
    Total System Jitter     (TSJ):    0.050ns
    Total Input Jitter      (TIJ):    0.000ns
    Discrete Jitter          (DJ):    0.000ns
    Phase Error              (PE):    0.000ns
  Timing Exception:       False Path

    Location             Delay type                Incr(ns)  Path(ns)    Netlist Resource(s)
  -------------------------------------------------------------------    -------------------
    K4                                                0.000     0.000 f  rst
                         net (fo=0)                   0.000     0.000    rst
    K4                   IBUF (Prop_ibuf_I_O)         1.468     1.468 f  rst_IBUF_inst/O
                         net (fo=2, routed)           1.271     2.740    inputs/AS[0]
    SLICE_X85Y122        FDPE                                         f  inputs/reset_pipe_reg[1]/PRE
  -------------------------------------------------------------------    -------------------

                         (clock trainer_1khz rise edge)
                                                      0.000     0.000 r  <hidden>
    B6                                                0.000     0.000 r  clk
                         net (fo=0)                   0.000     0.000    clk
    B6                   IBUF (Prop_ibuf_I_O)         1.429     1.429 r  clk_IBUF_inst/O
                         net (fo=1, routed)           2.196     3.625    clk_IBUF
    BUFGCTRL_X0Y16       BUFG (Prop_bufg_I_O)         0.091     3.716 r  clk_IBUF_BUFG_inst/O
                         net (fo=26, routed)          1.566     5.282    inputs/CLK
    SLICE_X85Y122        FDPE                                         r  inputs/reset_pipe_reg[1]/C

Slack:                    inf
  Source:                 button
                            (input port)
  Destination:            inputs/button_meta_reg/D
                            (rising edge-triggered cell FDCE clocked by trainer_1khz  {rise@0.000ns fall@500000.031ns period=1000000.000ns})
  Path Group:             (none)
  Path Type:              Setup (Max at Slow Process Corner)
  Data Path Delay:        2.534ns  (logic 1.477ns (58.287%)  route 1.057ns (41.713%))
  Logic Levels:           1  (IBUF=1)
  Clock Path Skew:        5.288ns (DCD - SCD + CPR)
    Destination Clock Delay (DCD):    5.288ns
    Source Clock Delay      (SCD):    0.000ns
    Clock Pessimism Removal (CPR):    0.000ns
  Clock Uncertainty:      0.025ns  ((TSJ^2 + TIJ^2)^1/2 + DJ) / 2 + PE
    Total System Jitter     (TSJ):    0.050ns
    Total Input Jitter      (TIJ):    0.000ns
    Discrete Jitter          (DJ):    0.000ns
    Phase Error              (PE):    0.000ns
  Timing Exception:       False Path

    Location             Delay type                Incr(ns)  Path(ns)    Netlist Resource(s)
  -------------------------------------------------------------------    -------------------
    N8                                                0.000     0.000 r  button
                         net (fo=0)                   0.000     0.000    button
    N8                   IBUF (Prop_ibuf_I_O)         1.477     1.477 r  button_IBUF_inst/O
                         net (fo=1, routed)           1.057     2.534    inputs/button_IBUF
    SLICE_X84Y117        FDCE                                         r  inputs/button_meta_reg/D
  -------------------------------------------------------------------    -------------------

                         (clock trainer_1khz rise edge)
                                                      0.000     0.000 r  <hidden>
    B6                                                0.000     0.000 r  clk
                         net (fo=0)                   0.000     0.000    clk
    B6                   IBUF (Prop_ibuf_I_O)         1.429     1.429 r  clk_IBUF_inst/O
                         net (fo=1, routed)           2.196     3.625    clk_IBUF
    BUFGCTRL_X0Y16       BUFG (Prop_bufg_I_O)         0.091     3.716 r  clk_IBUF_BUFG_inst/O
                         net (fo=26, routed)          1.572     5.288    inputs/CLK
    SLICE_X84Y117        FDCE                                         r  inputs/button_meta_reg/C





Min Delay Paths
--------------------------------------------------------------------------------------
Slack:                    inf
  Source:                 button
                            (input port)
  Destination:            inputs/button_meta_reg/D
                            (rising edge-triggered cell FDCE clocked by trainer_1khz  {rise@0.000ns fall@500000.031ns period=1000000.000ns})
  Path Group:             (none)
  Path Type:              Hold (Min at Fast Process Corner)
  Data Path Delay:        0.667ns  (logic 0.245ns (36.731%)  route 0.422ns (63.269%))
  Logic Levels:           1  (IBUF=1)
  Clock Path Skew:        2.214ns (DCD - SCD - CPR)
    Destination Clock Delay (DCD):    2.214ns
    Source Clock Delay      (SCD):    0.000ns
    Clock Pessimism Removal (CPR):    -0.000ns
  Timing Exception:       False Path

    Location             Delay type                Incr(ns)  Path(ns)    Netlist Resource(s)
  -------------------------------------------------------------------    -------------------
    N8                                                0.000     0.000 r  button
                         net (fo=0)                   0.000     0.000    button
    N8                   IBUF (Prop_ibuf_I_O)         0.245     0.245 r  button_IBUF_inst/O
                         net (fo=1, routed)           0.422     0.667    inputs/button_IBUF
    SLICE_X84Y117        FDCE                                         r  inputs/button_meta_reg/D
  -------------------------------------------------------------------    -------------------

                         (clock trainer_1khz rise edge)
                                                      0.000     0.000 r  <hidden>
    B6                                                0.000     0.000 r  clk
                         net (fo=0)                   0.000     0.000    clk
    B6                   IBUF (Prop_ibuf_I_O)         0.456     0.456 r  clk_IBUF_inst/O
                         net (fo=1, routed)           0.871     1.327    clk_IBUF
    BUFGCTRL_X0Y16       BUFG (Prop_bufg_I_O)         0.029     1.356 r  clk_IBUF_BUFG_inst/O
                         net (fo=26, routed)          0.859     2.214    inputs/CLK
    SLICE_X84Y117        FDCE                                         r  inputs/button_meta_reg/C

Slack:                    inf
  Source:                 rst
                            (input port)
  Destination:            inputs/reset_pipe_reg[0]/PRE
                            (removal check against rising-edge clock trainer_1khz  {rise@0.000ns fall@500000.031ns period=1000000.000ns})
  Path Group:             (none)
  Path Type:              Removal (Min at Fast Process Corner)
  Data Path Delay:        0.750ns  (logic 0.236ns (31.530%)  route 0.513ns (68.470%))
  Logic Levels:           1  (IBUF=1)
  Clock Path Skew:        2.209ns (DCD - SCD - CPR)
    Destination Clock Delay (DCD):    2.209ns
    Source Clock Delay      (SCD):    0.000ns
    Clock Pessimism Removal (CPR):    -0.000ns
  Timing Exception:       False Path

    Location             Delay type                Incr(ns)  Path(ns)    Netlist Resource(s)
  -------------------------------------------------------------------    -------------------
    K4                                                0.000     0.000 f  rst
                         net (fo=0)                   0.000     0.000    rst
    K4                   IBUF (Prop_ibuf_I_O)         0.236     0.236 f  rst_IBUF_inst/O
                         net (fo=2, routed)           0.513     0.750    inputs/AS[0]
    SLICE_X85Y122        FDPE                                         f  inputs/reset_pipe_reg[0]/PRE
  -------------------------------------------------------------------    -------------------

                         (clock trainer_1khz rise edge)
                                                      0.000     0.000 r  <hidden>
    B6                                                0.000     0.000 r  clk
                         net (fo=0)                   0.000     0.000    clk
    B6                   IBUF (Prop_ibuf_I_O)         0.456     0.456 r  clk_IBUF_inst/O
                         net (fo=1, routed)           0.871     1.327    clk_IBUF
    BUFGCTRL_X0Y16       BUFG (Prop_bufg_I_O)         0.029     1.356 r  clk_IBUF_BUFG_inst/O
                         net (fo=26, routed)          0.854     2.209    inputs/CLK
    SLICE_X85Y122        FDPE                                         r  inputs/reset_pipe_reg[0]/C

Slack:                    inf
  Source:                 rst
                            (input port)
  Destination:            inputs/reset_pipe_reg[1]/PRE
                            (removal check against rising-edge clock trainer_1khz  {rise@0.000ns fall@500000.031ns period=1000000.000ns})
  Path Group:             (none)
  Path Type:              Removal (Min at Fast Process Corner)
  Data Path Delay:        0.750ns  (logic 0.236ns (31.530%)  route 0.513ns (68.470%))
  Logic Levels:           1  (IBUF=1)
  Clock Path Skew:        2.209ns (DCD - SCD - CPR)
    Destination Clock Delay (DCD):    2.209ns
    Source Clock Delay      (SCD):    0.000ns
    Clock Pessimism Removal (CPR):    -0.000ns
  Timing Exception:       False Path

    Location             Delay type                Incr(ns)  Path(ns)    Netlist Resource(s)
  -------------------------------------------------------------------    -------------------
    K4                                                0.000     0.000 f  rst
                         net (fo=0)                   0.000     0.000    rst
    K4                   IBUF (Prop_ibuf_I_O)         0.236     0.236 f  rst_IBUF_inst/O
                         net (fo=2, routed)           0.513     0.750    inputs/AS[0]
    SLICE_X85Y122        FDPE                                         f  inputs/reset_pipe_reg[1]/PRE
  -------------------------------------------------------------------    -------------------

                         (clock trainer_1khz rise edge)
                                                      0.000     0.000 r  <hidden>
    B6                                                0.000     0.000 r  clk
                         net (fo=0)                   0.000     0.000    clk
    B6                   IBUF (Prop_ibuf_I_O)         0.456     0.456 r  clk_IBUF_inst/O
                         net (fo=1, routed)           0.871     1.327    clk_IBUF
    BUFGCTRL_X0Y16       BUFG (Prop_bufg_I_O)         0.029     1.356 r  clk_IBUF_BUFG_inst/O
                         net (fo=26, routed)          0.854     2.209    inputs/CLK
    SLICE_X85Y122        FDPE                                         r  inputs/reset_pipe_reg[1]/C

Slack:                    inf
  Source:                 sw[0]
                            (input port)
  Destination:            inputs/sw_meta_reg[0]/D
                            (rising edge-triggered cell FDCE clocked by trainer_1khz  {rise@0.000ns fall@500000.031ns period=1000000.000ns})
  Path Group:             (none)
  Path Type:              Hold (Min at Fast Process Corner)
  Data Path Delay:        0.974ns  (logic 0.259ns (26.582%)  route 0.715ns (73.418%))
  Logic Levels:           1  (IBUF=1)
  Clock Path Skew:        2.207ns (DCD - SCD - CPR)
    Destination Clock Delay (DCD):    2.207ns
    Source Clock Delay      (SCD):    0.000ns
    Clock Pessimism Removal (CPR):    -0.000ns
  Timing Exception:       False Path

    Location             Delay type                Incr(ns)  Path(ns)    Netlist Resource(s)
  -------------------------------------------------------------------    -------------------
    U4                                                0.000     0.000 r  sw[0]
                         net (fo=0)                   0.000     0.000    sw[0]
    U4                   IBUF (Prop_ibuf_I_O)         0.259     0.259 r  sw_IBUF[0]_inst/O
                         net (fo=1, routed)           0.715     0.974    inputs/D[0]
    SLICE_X85Y123        FDCE                                         r  inputs/sw_meta_reg[0]/D
  -------------------------------------------------------------------    -------------------

                         (clock trainer_1khz rise edge)
                                                      0.000     0.000 r  <hidden>
    B6                                                0.000     0.000 r  clk
                         net (fo=0)                   0.000     0.000    clk
    B6                   IBUF (Prop_ibuf_I_O)         0.456     0.456 r  clk_IBUF_inst/O
                         net (fo=1, routed)           0.871     1.327    clk_IBUF
    BUFGCTRL_X0Y16       BUFG (Prop_bufg_I_O)         0.029     1.356 r  clk_IBUF_BUFG_inst/O
                         net (fo=26, routed)          0.851     2.207    inputs/CLK
    SLICE_X85Y123        FDCE                                         r  inputs/sw_meta_reg[0]/C

Slack:                    inf
  Source:                 sw[5]
                            (input port)
  Destination:            inputs/sw_meta_reg[5]/D
                            (rising edge-triggered cell FDCE clocked by trainer_1khz  {rise@0.000ns fall@500000.031ns period=1000000.000ns})
  Path Group:             (none)
  Path Type:              Hold (Min at Fast Process Corner)
  Data Path Delay:        1.073ns  (logic 0.271ns (25.240%)  route 0.802ns (74.760%))
  Logic Levels:           1  (IBUF=1)
  Clock Path Skew:        2.209ns (DCD - SCD - CPR)
    Destination Clock Delay (DCD):    2.209ns
    Source Clock Delay      (SCD):    0.000ns
    Clock Pessimism Removal (CPR):    -0.000ns
  Timing Exception:       False Path

    Location             Delay type                Incr(ns)  Path(ns)    Netlist Resource(s)
  -------------------------------------------------------------------    -------------------
    U2                                                0.000     0.000 r  sw[5]
                         net (fo=0)                   0.000     0.000    sw[5]
    U2                   IBUF (Prop_ibuf_I_O)         0.271     0.271 r  sw_IBUF[5]_inst/O
                         net (fo=1, routed)           0.802     1.073    inputs/D[5]
    SLICE_X83Y122        FDCE                                         r  inputs/sw_meta_reg[5]/D
  -------------------------------------------------------------------    -------------------

                         (clock trainer_1khz rise edge)
                                                      0.000     0.000 r  <hidden>
    B6                                                0.000     0.000 r  clk
                         net (fo=0)                   0.000     0.000    clk
    B6                   IBUF (Prop_ibuf_I_O)         0.456     0.456 r  clk_IBUF_inst/O
                         net (fo=1, routed)           0.871     1.327    clk_IBUF
    BUFGCTRL_X0Y16       BUFG (Prop_bufg_I_O)         0.029     1.356 r  clk_IBUF_BUFG_inst/O
                         net (fo=26, routed)          0.854     2.209    inputs/CLK
    SLICE_X83Y122        FDCE                                         r  inputs/sw_meta_reg[5]/C

Slack:                    inf
  Source:                 sw[6]
                            (input port)
  Destination:            inputs/sw_meta_reg[6]/D
                            (rising edge-triggered cell FDCE clocked by trainer_1khz  {rise@0.000ns fall@500000.031ns period=1000000.000ns})
  Path Group:             (none)
  Path Type:              Hold (Min at Fast Process Corner)
  Data Path Delay:        1.089ns  (logic 0.282ns (25.856%)  route 0.807ns (74.144%))
  Logic Levels:           1  (IBUF=1)
  Clock Path Skew:        2.209ns (DCD - SCD - CPR)
    Destination Clock Delay (DCD):    2.209ns
    Source Clock Delay      (SCD):    0.000ns
    Clock Pessimism Removal (CPR):    -0.000ns
  Timing Exception:       False Path

    Location             Delay type                Incr(ns)  Path(ns)    Netlist Resource(s)
  -------------------------------------------------------------------    -------------------
    W3                                                0.000     0.000 r  sw[6]
                         net (fo=0)                   0.000     0.000    sw[6]
    W3                   IBUF (Prop_ibuf_I_O)         0.282     0.282 r  sw_IBUF[6]_inst/O
                         net (fo=1, routed)           0.807     1.089    inputs/D[6]
    SLICE_X83Y122        FDCE                                         r  inputs/sw_meta_reg[6]/D
  -------------------------------------------------------------------    -------------------

                         (clock trainer_1khz rise edge)
                                                      0.000     0.000 r  <hidden>
    B6                                                0.000     0.000 r  clk
                         net (fo=0)                   0.000     0.000    clk
    B6                   IBUF (Prop_ibuf_I_O)         0.456     0.456 r  clk_IBUF_inst/O
                         net (fo=1, routed)           0.871     1.327    clk_IBUF
    BUFGCTRL_X0Y16       BUFG (Prop_bufg_I_O)         0.029     1.356 r  clk_IBUF_BUFG_inst/O
                         net (fo=26, routed)          0.854     2.209    inputs/CLK
    SLICE_X83Y122        FDCE                                         r  inputs/sw_meta_reg[6]/C

Slack:                    inf
  Source:                 sw[7]
                            (input port)
  Destination:            inputs/sw_meta_reg[7]/D
                            (rising edge-triggered cell FDCE clocked by trainer_1khz  {rise@0.000ns fall@500000.031ns period=1000000.000ns})
  Path Group:             (none)
  Path Type:              Hold (Min at Fast Process Corner)
  Data Path Delay:        1.202ns  (logic 0.291ns (24.235%)  route 0.911ns (75.765%))
  Logic Levels:           1  (IBUF=1)
  Clock Path Skew:        2.207ns (DCD - SCD - CPR)
    Destination Clock Delay (DCD):    2.207ns
    Source Clock Delay      (SCD):    0.000ns
    Clock Pessimism Removal (CPR):    -0.000ns
  Timing Exception:       False Path

    Location             Delay type                Incr(ns)  Path(ns)    Netlist Resource(s)
  -------------------------------------------------------------------    -------------------
    Y1                                                0.000     0.000 r  sw[7]
                         net (fo=0)                   0.000     0.000    sw[7]
    Y1                   IBUF (Prop_ibuf_I_O)         0.291     0.291 r  sw_IBUF[7]_inst/O
                         net (fo=1, routed)           0.911     1.202    inputs/D[7]
    SLICE_X85Y123        FDCE                                         r  inputs/sw_meta_reg[7]/D
  -------------------------------------------------------------------    -------------------

                         (clock trainer_1khz rise edge)
                                                      0.000     0.000 r  <hidden>
    B6                                                0.000     0.000 r  clk
                         net (fo=0)                   0.000     0.000    clk
    B6                   IBUF (Prop_ibuf_I_O)         0.456     0.456 r  clk_IBUF_inst/O
                         net (fo=1, routed)           0.871     1.327    clk_IBUF
    BUFGCTRL_X0Y16       BUFG (Prop_bufg_I_O)         0.029     1.356 r  clk_IBUF_BUFG_inst/O
                         net (fo=26, routed)          0.851     2.207    inputs/CLK
    SLICE_X85Y123        FDCE                                         r  inputs/sw_meta_reg[7]/C

Slack:                    inf
  Source:                 sw[4]
                            (input port)
  Destination:            inputs/sw_meta_reg[4]/D
                            (rising edge-triggered cell FDCE clocked by trainer_1khz  {rise@0.000ns fall@500000.031ns period=1000000.000ns})
  Path Group:             (none)
  Path Type:              Hold (Min at Fast Process Corner)
  Data Path Delay:        1.232ns  (logic 0.264ns (21.391%)  route 0.969ns (78.609%))
  Logic Levels:           1  (IBUF=1)
  Clock Path Skew:        2.210ns (DCD - SCD - CPR)
    Destination Clock Delay (DCD):    2.210ns
    Source Clock Delay      (SCD):    0.000ns
    Clock Pessimism Removal (CPR):    -0.000ns
  Timing Exception:       False Path

    Location             Delay type                Incr(ns)  Path(ns)    Netlist Resource(s)
  -------------------------------------------------------------------    -------------------
    T1                                                0.000     0.000 r  sw[4]
                         net (fo=0)                   0.000     0.000    sw[4]
    T1                   IBUF (Prop_ibuf_I_O)         0.264     0.264 r  sw_IBUF[4]_inst/O
                         net (fo=1, routed)           0.969     1.232    inputs/D[4]
    SLICE_X85Y121        FDCE                                         r  inputs/sw_meta_reg[4]/D
  -------------------------------------------------------------------    -------------------

                         (clock trainer_1khz rise edge)
                                                      0.000     0.000 r  <hidden>
    B6                                                0.000     0.000 r  clk
                         net (fo=0)                   0.000     0.000    clk
    B6                   IBUF (Prop_ibuf_I_O)         0.456     0.456 r  clk_IBUF_inst/O
                         net (fo=1, routed)           0.871     1.327    clk_IBUF
    BUFGCTRL_X0Y16       BUFG (Prop_bufg_I_O)         0.029     1.356 r  clk_IBUF_BUFG_inst/O
                         net (fo=26, routed)          0.855     2.210    inputs/CLK
    SLICE_X85Y121        FDCE                                         r  inputs/sw_meta_reg[4]/C





--------------------------------------------------------------------------------------
Path Group:  (none)
From Clock:  trainer_1khz
  To Clock:  

Max Delay             5 Endpoints
Min Delay             5 Endpoints
--------------------------------------------------------------------------------------


Max Delay Paths
--------------------------------------------------------------------------------------
Slack:                    inf
  Source:                 core/value_reg[0]/C
                            (rising edge-triggered cell FDRE clocked by trainer_1khz  {rise@0.000ns fall@500000.031ns period=1000000.000ns})
  Destination:            led[4]
                            (output port)
  Path Group:             (none)
  Path Type:              Max at Slow Process Corner
  Data Path Delay:        6.278ns  (logic 3.980ns (63.400%)  route 2.298ns (36.600%))
  Logic Levels:           1  (OBUF=1)
  Clock Uncertainty:      0.025ns  ((TSJ^2 + TIJ^2)^1/2 + DJ) / 2 + PE
    Total System Jitter     (TSJ):    0.050ns
    Total Input Jitter      (TIJ):    0.000ns
    Discrete Jitter          (DJ):    0.000ns
    Phase Error              (PE):    0.000ns

    Location             Delay type                Incr(ns)  Path(ns)    Netlist Resource(s)
  -------------------------------------------------------------------    -------------------
                         (clock trainer_1khz rise edge)
                                                      0.000     0.000 r  <hidden>
    B6                                                0.000     0.000 r  clk
                         net (fo=0)                   0.000     0.000    clk
    B6                   IBUF (Prop_ibuf_I_O)         1.500     1.500 r  clk_IBUF_inst/O
                         net (fo=1, routed)           2.315     3.815    clk_IBUF
    BUFGCTRL_X0Y16       BUFG (Prop_bufg_I_O)         0.096     3.911 r  clk_IBUF_BUFG_inst/O
                         net (fo=26, routed)          1.683     5.594    core/CLK
    SLICE_X82Y122        FDRE                                         r  core/value_reg[0]/C
  -------------------------------------------------------------------    -------------------
    SLICE_X82Y122        FDRE (Prop_fdre_C_Q)         0.456     6.050 r  core/value_reg[0]/Q
                         net (fo=3, routed)           2.298     8.348    led_OBUF[4]
    N7                   OBUF (Prop_obuf_I_O)         3.524    11.872 r  led_OBUF[4]_inst/O
                         net (fo=0)                   0.000    11.872    led[4]
    N7                                                                r  led[4]
  -------------------------------------------------------------------    -------------------

Slack:                    inf
  Source:                 core/value_reg[3]_lopt_replica/C
                            (rising edge-triggered cell FDRE clocked by trainer_1khz  {rise@0.000ns fall@500000.031ns period=1000000.000ns})
  Destination:            led[0]
                            (output port)
  Path Group:             (none)
  Path Type:              Max at Slow Process Corner
  Data Path Delay:        6.135ns  (logic 4.059ns (66.152%)  route 2.077ns (33.848%))
  Logic Levels:           1  (OBUF=1)
  Clock Uncertainty:      0.025ns  ((TSJ^2 + TIJ^2)^1/2 + DJ) / 2 + PE
    Total System Jitter     (TSJ):    0.050ns
    Total Input Jitter      (TIJ):    0.000ns
    Discrete Jitter          (DJ):    0.000ns
    Phase Error              (PE):    0.000ns

    Location             Delay type                Incr(ns)  Path(ns)    Netlist Resource(s)
  -------------------------------------------------------------------    -------------------
                         (clock trainer_1khz rise edge)
                                                      0.000     0.000 r  <hidden>
    B6                                                0.000     0.000 r  clk
                         net (fo=0)                   0.000     0.000    clk
    B6                   IBUF (Prop_ibuf_I_O)         1.500     1.500 r  clk_IBUF_inst/O
                         net (fo=1, routed)           2.315     3.815    clk_IBUF
    BUFGCTRL_X0Y16       BUFG (Prop_bufg_I_O)         0.096     3.911 r  clk_IBUF_BUFG_inst/O
                         net (fo=26, routed)          1.682     5.593    core/CLK
    SLICE_X84Y123        FDRE                                         r  core/value_reg[3]_lopt_replica/C
  -------------------------------------------------------------------    -------------------
    SLICE_X84Y123        FDRE (Prop_fdre_C_Q)         0.518     6.111 r  core/value_reg[3]_lopt_replica/Q
                         net (fo=1, routed)           2.077     8.188    lopt
    N5                   OBUF (Prop_obuf_I_O)         3.541    11.729 r  led_OBUF[0]_inst/O
                         net (fo=0)                   0.000    11.729    led[0]
    N5                                                                r  led[0]
  -------------------------------------------------------------------    -------------------

Slack:                    inf
  Source:                 core/value_reg[3]/C
                            (rising edge-triggered cell FDRE clocked by trainer_1khz  {rise@0.000ns fall@500000.031ns period=1000000.000ns})
  Destination:            led[7]
                            (output port)
  Path Group:             (none)
  Path Type:              Max at Slow Process Corner
  Data Path Delay:        5.956ns  (logic 4.045ns (67.918%)  route 1.911ns (32.082%))
  Logic Levels:           1  (OBUF=1)
  Clock Uncertainty:      0.025ns  ((TSJ^2 + TIJ^2)^1/2 + DJ) / 2 + PE
    Total System Jitter     (TSJ):    0.050ns
    Total Input Jitter      (TIJ):    0.000ns
    Discrete Jitter          (DJ):    0.000ns
    Phase Error              (PE):    0.000ns

    Location             Delay type                Incr(ns)  Path(ns)    Netlist Resource(s)
  -------------------------------------------------------------------    -------------------
                         (clock trainer_1khz rise edge)
                                                      0.000     0.000 r  <hidden>
    B6                                                0.000     0.000 r  clk
                         net (fo=0)                   0.000     0.000    clk
    B6                   IBUF (Prop_ibuf_I_O)         1.500     1.500 r  clk_IBUF_inst/O
                         net (fo=1, routed)           2.315     3.815    clk_IBUF
    BUFGCTRL_X0Y16       BUFG (Prop_bufg_I_O)         0.096     3.911 r  clk_IBUF_BUFG_inst/O
                         net (fo=26, routed)          1.682     5.593    core/CLK
    SLICE_X84Y123        FDRE                                         r  core/value_reg[3]/C
  -------------------------------------------------------------------    -------------------
    SLICE_X84Y123        FDRE (Prop_fdre_C_Q)         0.518     6.111 r  core/value_reg[3]/Q
                         net (fo=1, routed)           1.911     8.022    led_OBUF[0]
    L4                   OBUF (Prop_obuf_I_O)         3.527    11.549 r  led_OBUF[7]_inst/O
                         net (fo=0)                   0.000    11.549    led[7]
    L4                                                                r  led[7]
  -------------------------------------------------------------------    -------------------

Slack:                    inf
  Source:                 core/value_reg[1]/C
                            (rising edge-triggered cell FDRE clocked by trainer_1khz  {rise@0.000ns fall@500000.031ns period=1000000.000ns})
  Destination:            led[5]
                            (output port)
  Path Group:             (none)
  Path Type:              Max at Slow Process Corner
  Data Path Delay:        5.858ns  (logic 3.999ns (68.258%)  route 1.860ns (31.742%))
  Logic Levels:           1  (OBUF=1)
  Clock Uncertainty:      0.025ns  ((TSJ^2 + TIJ^2)^1/2 + DJ) / 2 + PE
    Total System Jitter     (TSJ):    0.050ns
    Total Input Jitter      (TIJ):    0.000ns
    Discrete Jitter          (DJ):    0.000ns
    Phase Error              (PE):    0.000ns

    Location             Delay type                Incr(ns)  Path(ns)    Netlist Resource(s)
  -------------------------------------------------------------------    -------------------
                         (clock trainer_1khz rise edge)
                                                      0.000     0.000 r  <hidden>
    B6                                                0.000     0.000 r  clk
                         net (fo=0)                   0.000     0.000    clk
    B6                   IBUF (Prop_ibuf_I_O)         1.500     1.500 r  clk_IBUF_inst/O
                         net (fo=1, routed)           2.315     3.815    clk_IBUF
    BUFGCTRL_X0Y16       BUFG (Prop_bufg_I_O)         0.096     3.911 r  clk_IBUF_BUFG_inst/O
                         net (fo=26, routed)          1.683     5.594    core/CLK
    SLICE_X82Y122        FDRE                                         r  core/value_reg[1]/C
  -------------------------------------------------------------------    -------------------
    SLICE_X82Y122        FDRE (Prop_fdre_C_Q)         0.456     6.050 r  core/value_reg[1]/Q
                         net (fo=3, routed)           1.860     7.910    led_OBUF[5]
    M2                   OBUF (Prop_obuf_I_O)         3.543    11.452 r  led_OBUF[5]_inst/O
                         net (fo=0)                   0.000    11.452    led[5]
    M2                                                                r  led[5]
  -------------------------------------------------------------------    -------------------

Slack:                    inf
  Source:                 core/value_reg[2]/C
                            (rising edge-triggered cell FDRE clocked by trainer_1khz  {rise@0.000ns fall@500000.031ns period=1000000.000ns})
  Destination:            led[6]
                            (output port)
  Path Group:             (none)
  Path Type:              Max at Slow Process Corner
  Data Path Delay:        5.839ns  (logic 3.984ns (68.238%)  route 1.855ns (31.762%))
  Logic Levels:           1  (OBUF=1)
  Clock Uncertainty:      0.025ns  ((TSJ^2 + TIJ^2)^1/2 + DJ) / 2 + PE
    Total System Jitter     (TSJ):    0.050ns
    Total Input Jitter      (TIJ):    0.000ns
    Discrete Jitter          (DJ):    0.000ns
    Phase Error              (PE):    0.000ns

    Location             Delay type                Incr(ns)  Path(ns)    Netlist Resource(s)
  -------------------------------------------------------------------    -------------------
                         (clock trainer_1khz rise edge)
                                                      0.000     0.000 r  <hidden>
    B6                                                0.000     0.000 r  clk
                         net (fo=0)                   0.000     0.000    clk
    B6                   IBUF (Prop_ibuf_I_O)         1.500     1.500 r  clk_IBUF_inst/O
                         net (fo=1, routed)           2.315     3.815    clk_IBUF
    BUFGCTRL_X0Y16       BUFG (Prop_bufg_I_O)         0.096     3.911 r  clk_IBUF_BUFG_inst/O
                         net (fo=26, routed)          1.683     5.594    core/CLK
    SLICE_X82Y122        FDRE                                         r  core/value_reg[2]/C
  -------------------------------------------------------------------    -------------------
    SLICE_X82Y122        FDRE (Prop_fdre_C_Q)         0.456     6.050 r  core/value_reg[2]/Q
                         net (fo=3, routed)           1.855     7.905    led_OBUF[6]
    M4                   OBUF (Prop_obuf_I_O)         3.528    11.433 r  led_OBUF[6]_inst/O
                         net (fo=0)                   0.000    11.433    led[6]
    M4                                                                r  led[6]
  -------------------------------------------------------------------    -------------------





Min Delay Paths
--------------------------------------------------------------------------------------
Slack:                    inf
  Source:                 core/value_reg[2]/C
                            (rising edge-triggered cell FDRE clocked by trainer_1khz  {rise@0.000ns fall@500000.031ns period=1000000.000ns})
  Destination:            led[6]
                            (output port)
  Path Group:             (none)
  Path Type:              Min at Fast Process Corner
  Data Path Delay:        1.778ns  (logic 1.370ns (77.076%)  route 0.408ns (22.924%))
  Logic Levels:           1  (OBUF=1)
  Clock Uncertainty:      0.025ns  ((TSJ^2 + TIJ^2)^1/2 + DJ) / 2 + PE
    Total System Jitter     (TSJ):    0.050ns
    Total Input Jitter      (TIJ):    0.000ns
    Discrete Jitter          (DJ):    0.000ns
    Phase Error              (PE):    0.000ns

    Location             Delay type                Incr(ns)  Path(ns)    Netlist Resource(s)
  -------------------------------------------------------------------    -------------------
                         (clock trainer_1khz rise edge)
                                                      0.000     0.000 r  <hidden>
    B6                                                0.000     0.000 r  clk
                         net (fo=0)                   0.000     0.000    clk
    B6                   IBUF (Prop_ibuf_I_O)         0.268     0.268 r  clk_IBUF_inst/O
                         net (fo=1, routed)           0.808     1.075    clk_IBUF
    BUFGCTRL_X0Y16       BUFG (Prop_bufg_I_O)         0.026     1.101 r  clk_IBUF_BUFG_inst/O
                         net (fo=26, routed)          0.585     1.686    core/CLK
    SLICE_X82Y122        FDRE                                         r  core/value_reg[2]/C
  -------------------------------------------------------------------    -------------------
    SLICE_X82Y122        FDRE (Prop_fdre_C_Q)         0.141     1.827 r  core/value_reg[2]/Q
                         net (fo=3, routed)           0.408     2.235    led_OBUF[6]
    M4                   OBUF (Prop_obuf_I_O)         1.229     3.464 r  led_OBUF[6]_inst/O
                         net (fo=0)                   0.000     3.464    led[6]
    M4                                                                r  led[6]
  -------------------------------------------------------------------    -------------------

Slack:                    inf
  Source:                 core/value_reg[1]/C
                            (rising edge-triggered cell FDRE clocked by trainer_1khz  {rise@0.000ns fall@500000.031ns period=1000000.000ns})
  Destination:            led[5]
                            (output port)
  Path Group:             (none)
  Path Type:              Min at Fast Process Corner
  Data Path Delay:        1.808ns  (logic 1.384ns (76.575%)  route 0.424ns (23.425%))
  Logic Levels:           1  (OBUF=1)
  Clock Uncertainty:      0.025ns  ((TSJ^2 + TIJ^2)^1/2 + DJ) / 2 + PE
    Total System Jitter     (TSJ):    0.050ns
    Total Input Jitter      (TIJ):    0.000ns
    Discrete Jitter          (DJ):    0.000ns
    Phase Error              (PE):    0.000ns

    Location             Delay type                Incr(ns)  Path(ns)    Netlist Resource(s)
  -------------------------------------------------------------------    -------------------
                         (clock trainer_1khz rise edge)
                                                      0.000     0.000 r  <hidden>
    B6                                                0.000     0.000 r  clk
                         net (fo=0)                   0.000     0.000    clk
    B6                   IBUF (Prop_ibuf_I_O)         0.268     0.268 r  clk_IBUF_inst/O
                         net (fo=1, routed)           0.808     1.075    clk_IBUF
    BUFGCTRL_X0Y16       BUFG (Prop_bufg_I_O)         0.026     1.101 r  clk_IBUF_BUFG_inst/O
                         net (fo=26, routed)          0.585     1.686    core/CLK
    SLICE_X82Y122        FDRE                                         r  core/value_reg[1]/C
  -------------------------------------------------------------------    -------------------
    SLICE_X82Y122        FDRE (Prop_fdre_C_Q)         0.141     1.827 r  core/value_reg[1]/Q
                         net (fo=3, routed)           0.424     2.251    led_OBUF[5]
    M2                   OBUF (Prop_obuf_I_O)         1.243     3.494 r  led_OBUF[5]_inst/O
                         net (fo=0)                   0.000     3.494    led[5]
    M2                                                                r  led[5]
  -------------------------------------------------------------------    -------------------

Slack:                    inf
  Source:                 core/value_reg[3]/C
                            (rising edge-triggered cell FDRE clocked by trainer_1khz  {rise@0.000ns fall@500000.031ns period=1000000.000ns})
  Destination:            led[7]
                            (output port)
  Path Group:             (none)
  Path Type:              Min at Fast Process Corner
  Data Path Delay:        1.844ns  (logic 1.392ns (75.495%)  route 0.452ns (24.505%))
  Logic Levels:           1  (OBUF=1)
  Clock Uncertainty:      0.025ns  ((TSJ^2 + TIJ^2)^1/2 + DJ) / 2 + PE
    Total System Jitter     (TSJ):    0.050ns
    Total Input Jitter      (TIJ):    0.000ns
    Discrete Jitter          (DJ):    0.000ns
    Phase Error              (PE):    0.000ns

    Location             Delay type                Incr(ns)  Path(ns)    Netlist Resource(s)
  -------------------------------------------------------------------    -------------------
                         (clock trainer_1khz rise edge)
                                                      0.000     0.000 r  <hidden>
    B6                                                0.000     0.000 r  clk
                         net (fo=0)                   0.000     0.000    clk
    B6                   IBUF (Prop_ibuf_I_O)         0.268     0.268 r  clk_IBUF_inst/O
                         net (fo=1, routed)           0.808     1.075    clk_IBUF
    BUFGCTRL_X0Y16       BUFG (Prop_bufg_I_O)         0.026     1.101 r  clk_IBUF_BUFG_inst/O
                         net (fo=26, routed)          0.583     1.684    core/CLK
    SLICE_X84Y123        FDRE                                         r  core/value_reg[3]/C
  -------------------------------------------------------------------    -------------------
    SLICE_X84Y123        FDRE (Prop_fdre_C_Q)         0.164     1.848 r  core/value_reg[3]/Q
                         net (fo=1, routed)           0.452     2.300    led_OBUF[0]
    L4                   OBUF (Prop_obuf_I_O)         1.228     3.528 r  led_OBUF[7]_inst/O
                         net (fo=0)                   0.000     3.528    led[7]
    L4                                                                r  led[7]
  -------------------------------------------------------------------    -------------------

Slack:                    inf
  Source:                 core/value_reg[3]_lopt_replica/C
                            (rising edge-triggered cell FDRE clocked by trainer_1khz  {rise@0.000ns fall@500000.031ns period=1000000.000ns})
  Destination:            led[0]
                            (output port)
  Path Group:             (none)
  Path Type:              Min at Fast Process Corner
  Data Path Delay:        1.912ns  (logic 1.406ns (73.502%)  route 0.507ns (26.498%))
  Logic Levels:           1  (OBUF=1)
  Clock Uncertainty:      0.025ns  ((TSJ^2 + TIJ^2)^1/2 + DJ) / 2 + PE
    Total System Jitter     (TSJ):    0.050ns
    Total Input Jitter      (TIJ):    0.000ns
    Discrete Jitter          (DJ):    0.000ns
    Phase Error              (PE):    0.000ns

    Location             Delay type                Incr(ns)  Path(ns)    Netlist Resource(s)
  -------------------------------------------------------------------    -------------------
                         (clock trainer_1khz rise edge)
                                                      0.000     0.000 r  <hidden>
    B6                                                0.000     0.000 r  clk
                         net (fo=0)                   0.000     0.000    clk
    B6                   IBUF (Prop_ibuf_I_O)         0.268     0.268 r  clk_IBUF_inst/O
                         net (fo=1, routed)           0.808     1.075    clk_IBUF
    BUFGCTRL_X0Y16       BUFG (Prop_bufg_I_O)         0.026     1.101 r  clk_IBUF_BUFG_inst/O
                         net (fo=26, routed)          0.583     1.684    core/CLK
    SLICE_X84Y123        FDRE                                         r  core/value_reg[3]_lopt_replica/C
  -------------------------------------------------------------------    -------------------
    SLICE_X84Y123        FDRE (Prop_fdre_C_Q)         0.164     1.848 r  core/value_reg[3]_lopt_replica/Q
                         net (fo=1, routed)           0.507     2.355    lopt
    N5                   OBUF (Prop_obuf_I_O)         1.242     3.596 r  led_OBUF[0]_inst/O
                         net (fo=0)                   0.000     3.596    led[0]
    N5                                                                r  led[0]
  -------------------------------------------------------------------    -------------------

Slack:                    inf
  Source:                 core/value_reg[0]/C
                            (rising edge-triggered cell FDRE clocked by trainer_1khz  {rise@0.000ns fall@500000.031ns period=1000000.000ns})
  Destination:            led[4]
                            (output port)
  Path Group:             (none)
  Path Type:              Min at Fast Process Corner
  Data Path Delay:        1.964ns  (logic 1.366ns (69.565%)  route 0.598ns (30.435%))
  Logic Levels:           1  (OBUF=1)
  Clock Uncertainty:      0.025ns  ((TSJ^2 + TIJ^2)^1/2 + DJ) / 2 + PE
    Total System Jitter     (TSJ):    0.050ns
    Total Input Jitter      (TIJ):    0.000ns
    Discrete Jitter          (DJ):    0.000ns
    Phase Error              (PE):    0.000ns

    Location             Delay type                Incr(ns)  Path(ns)    Netlist Resource(s)
  -------------------------------------------------------------------    -------------------
                         (clock trainer_1khz rise edge)
                                                      0.000     0.000 r  <hidden>
    B6                                                0.000     0.000 r  clk
                         net (fo=0)                   0.000     0.000    clk
    B6                   IBUF (Prop_ibuf_I_O)         0.268     0.268 r  clk_IBUF_inst/O
                         net (fo=1, routed)           0.808     1.075    clk_IBUF
    BUFGCTRL_X0Y16       BUFG (Prop_bufg_I_O)         0.026     1.101 r  clk_IBUF_BUFG_inst/O
                         net (fo=26, routed)          0.585     1.686    core/CLK
    SLICE_X82Y122        FDRE                                         r  core/value_reg[0]/C
  -------------------------------------------------------------------    -------------------
    SLICE_X82Y122        FDRE (Prop_fdre_C_Q)         0.141     1.827 r  core/value_reg[0]/Q
                         net (fo=3, routed)           0.598     2.425    led_OBUF[4]
    N7                   OBUF (Prop_obuf_I_O)         1.225     3.650 r  led_OBUF[4]_inst/O
                         net (fo=0)                   0.000     3.650    led[4]
    N7                                                                r  led[4]
  -------------------------------------------------------------------    -------------------





